unique_transaction_id,transaction_status,fyq,cfda_program_num,sai_number,account_title,recipient_name,recipient_city_code,recipient_city_name,recipient_county_code,recipient_county_name,recipient_zip,recipient_type,action_type,agency_code,federal_award_id,federal_award_mod,fed_funding_amount,non_fed_funding_amount,total_funding_amount,obligation_action_date,starting_date,ending_date,assistance_type,record_type,correction_late_ind,fyq_correction,principal_place_code,principal_place_state,principal_place_cc,principal_place_country_code,principal_place_zip,principal_place_cd,cfda_program_title,agency_name,project_description,duns_no,duns_conf_code,progsrc_agen_code,progsrc_acnt_code,progsrc_subacnt_code,receip_addr1,receip_addr2,receip_addr3,face_loan_guran,orig_sub_guran,fiscal_year,principal_place_state_code,recip_cat_type,asst_cat_type,recipient_cd,maj_agency_cat,rec_flag,recipient_country_code,uri,recipient_state_code,exec1_fullname,exec1_amount,exec2_fullname,exec2_amount,exec3_fullname,exec3_amount,exec4_fullname,exec4_amount,exec5_fullname,exec5_amount,last_modified_date
A3B84D59-1545-4FF4-B4E8-D222BFC8A4A8,"active","20110","19.432","SAIEXEMPT","EDUCATIONAL AND CULTURAL EXCHANGE PROGRAMS, STATE","CEMAT","FORGN","","","","","25: All other","A: New assistance action","1900: STATE, DEPARTMENT OF","STS80010CA264","",20000,0,20000,"07/27/2010","09/15/2010","09/14/2012","05: Cooperative agreement","2: Individual action",": Current record","","00FORGN","","","TUN","","ZZ","Academic Exchange Programs - Educational Advising and Student Services","STATE, DEPARTMENT OF","This grant is provided to CEMAT to organize a two-day workshop/symposium at a public venue on Grants Sollicitation and Writing Techniques. The worksh","213654789","","19","0209","","19 bis,  Rue d'Angleterre","1000 - Tunis","",0,0,2010,"00","o: Other","g","ZZ","1900: STATE, DEPARTMENT OF","NON","TUN","","00","",,"",,"",,"",,"",,6/3/2011
122EFB36-50D4-E691-1A28-46676AF17DB0,"active","20101","19.015","SAIEXEMPT","DIPLOMATIC AND CONSULAR PROGRAMS, STATE","Institut des Belles Lettres Arabes","FORGN","","","","","25: All other","A: New assistance action","1900: STATE, DEPARTMENT OF","STS80010GR220","",4000,0,4000,"03/10/2010","03/11/2010","04/30/2010","04: Project grant","2: Individual action",": Current record","20102","00FORGN","","","TUN","","ZZ","Cultural, Technical and Educational Centers","STATE, DEPARTMENT OF","This grant will be used by IBLA -Institut des Belles Lettres Arabes- to properly preserve 17000 publications  including 600 periodical titles  by pro","653214798","","19","0113","","12  Rue Jemaa El Haoua La M?dina","","",0,0,2010,"00","o: Other","g","ZZ","1900: STATE, DEPARTMENT OF","NON","TUN","","00","",,"",,"",,"",,"",,12/10/2010
28053FF3-E60A-13A4-6836-BC616195F9F6,"active","20110","19.015","SAIEXEMPT","EDUCATIONAL AND CULTURAL EXCHANGE PROGRAMS, STATE","AMIDEAST Tunis","FORGN","","","","","12: Other nonprofit","A: New assistance action","1900: STATE, DEPARTMENT OF","STS80010GR237","",7500,0,7500,"06/23/2010","07/01/2010","12/15/2010","04: Project grant","2: Individual action",": Current record","20103","00FORGN","","","TUN","","ZZ","Cultural, Technical and Educational Centers","STATE, DEPARTMENT OF","This grant is awarded to Amideast to support activities conducted by the American Corner during the period of July 1st - December 15, 2010. Activitie","362541789","","19","0209","","22, Rue Al Amine Al Abassi","","",0,0,2010,"00","n: Non-Profit Organization","g","ZZ","1900: STATE, DEPARTMENT OF","NON","TUN","","00","",,"",,"",,"",,"",,2/4/2011
4E7F8DEF-1AE3-FFBD-2FB4-D11C1D21CFEF,"active","","19.500","SAIEXEMPT","","CAWTAR","FORGN","","","","","25: All other","A: New assistance action","1900: STATE, DEPARTMENT OF","SNEATU11GR026","",79054,0,79054,"03/18/2011","03/15/2011","03/15/2012","04: Project grant","2: Individual action","C: Current transaction record is a request to replace a previously submitted record that contained data submission errors. Record contains replacement (not delta) values for all data fields that contain submission errors.","","00FORGN","","","TUN","","","Middle East Partnership Initiative (MEPI) ","STATE, DEPARTMENT OF","The Tunisian Center of Arab Women for Training and Research (CAWTAR)'s project entitled ?The Political Dimensions of Media Images"" aims to promote a","123456787","5","11","1037","","7 Impasse #1","Rue 8840 Centre Urbain Nord","",0,0,2011,"","o: Other","g","","1900: STATE, DEPARTMENT OF","NON","TUN","","","",,"",,"",,"",,"",,3/4/2014
31AD7E37-6410-7D9B-53B7-E789D5C67803,"active","20110","19.500","SAIEXEMPT","","Arab Institute for Human Rights","FORGN","","","","","25: All other","A: New assistance action","1900: STATE, DEPARTMENT OF","SNEATU11GR025","",145285,0,145285,"03/11/2011","03/01/2011","06/30/2012","04: Project grant","2: Individual action",": Current record","","00FORGN","","","TUN","","ZZ","Middle East Partnership Initiative (MEPI) ","STATE, DEPARTMENT OF","This project aims at strengthening the capacities of the Tunisian CSOs and actors as well as sensitizing the concerned governmental institutions, soc","123456787","7","11","1037","","54, Avenue Al Khalij Al Arabi -","Menzah 8 - Ariana - CP2037","",0,0,2011,"00","o: Other","g","ZZ","1900: STATE, DEPARTMENT OF","NON","TUN","","00","",,"",,"",,"",,"",,6/16/2011
9EBD3C0B-2C35-7FBA-F663-D8D7D4BFBAA5,"active","20120","19.021","SAIEXEMPT","EDUCATIONAL AND CULTURAL EXCHANGE PROGRAMS, STATE","Layola University, Chicago","FORGN","Chicago","","","","06: State controlled institution of higher education","A: New assistance action","1900: STATE, DEPARTMENT OF","STS80011GR055","",250000,0,250000,"09/30/2011","09/30/2013","09/30/2013","04: Project grant","2: Individual action","C: Current transaction record is a request to replace a previously submitted record that contained data submission errors. Record contains replacement (not delta) values for all data fields that contain submission errors.","","00FORGN","","","TUN","","ZZ","Investing in People in The Middle East and North Africa","STATE, DEPARTMENT OF","This grant is provided to Loyola University in Chicago to partner with the Faculty of Law and Political Science of Sousse to promote research and tra","074368911","","19","0209","","Research Services Director","University of Layola","University of Layola",0,0,2011,"00","h: Higher Education","g","ZZ","1900: STATE, DEPARTMENT OF","NON","TUN","","00","",,"",,"",,"",,"",,1/20/2012
BFA7D7EB-1A24-0C84-A28A-99805BCF23F6,"active","","19.500","SAIEXEMPT","","Banque de Financement des PME","FORGN","","","","","22: Profit organization","A: New assistance action","1900: STATE, DEPARTMENT OF","STS80012CA105","",400000,0,400000,"09/30/2012","09/15/2012","12/31/2013","05: Cooperative agreement","2: Individual action",": Current record","","00FORGN","","","TUN","","","Middle East Partnership Initiative (MEPI) ","STATE, DEPARTMENT OF","Provide seed capital to economically viable small-to-medium enterprises.","123456787","7","11","1037","","34, Rue Hdi Karray Centre Urbain N","","",0,0,2012,"","f: For-Profit Organization","g","","1900: STATE, DEPARTMENT OF","NON","TUN","","","",,"",,"",,"",,"",,9/3/2013
751B8432-5C14-22ED-9AEE-077AD7219980,"active","20111","19.500","SAIEXEMPT","","Institut Arabe des Chefs d'Entreprises (IACE)","FORGN","","","","","25: All other","A: New assistance action","1900: STATE, DEPARTMENT OF","SNEATU12GR005","",194500,0,194500,"12/29/2011","01/01/2012","12/31/2012","04: Project grant","2: Individual action",": Current record","","00FORGN","","","TUN","","ZZ","Middle East Partnership Initiative (MEPI) ","STATE, DEPARTMENT OF","This project aims to increase entrepreneurship in targeted poor regions in Tunisia. At first, a team of American university students will work closel","123456787","","11","1037","","La Maison de l'Entreprise","avenue principale","1053 Les Berges du Lac",0,0,2012,"00","o: Other","g","ZZ","1900: STATE, DEPARTMENT OF","NON","TUN","","00","",,"",,"",,"",,"",,12/21/2011
5C30F327-1CE7-86C0-AA5B-DED756D22F90,"active","20120","19.500","SAIEXEMPT","","Centre des Jeunes Dirigeants (CJD)","FORGN","","","","","25: All other","A: New assistance action","1900: STATE, DEPARTMENT OF","SNEATU12GR015","",164948,0,183275,"12/01/2011","10/31/2012","10/31/2012","04: Project grant","2: Individual action",": Current record","","00FORGN","","Tunis","TUN","","ZZ","Middle East Partnership Initiative (MEPI) ","STATE, DEPARTMENT OF","Tunisian Young Entrepreneurs / Centre des Jeunes Dirigeants (CJD) through the project entitled ?Intellectual Property Rights Campaign? in Tunisia wil","123456787","","11","1037","","Imm. Yasmine  Rue du Lac Malaren","Les Berges du Lac","",0,0,2012,"00","o: Other","g","ZZ","1900: STATE, DEPARTMENT OF","NON","TUN","","00","",,"",,"",,"",,"",,1/5/2012
CFEBAAC4-C5F7-EC7A-F029-9760AF9458CA,"active","","19.500","SAIEXEMPT","","Banque de Financement des PME","FORGN","","","","","22: Profit organization","C: Revision (any change in Federal Government's financial obligation or contingent liability in existing assistance transaction amount of the change in funding; or any change in Recipient Name, Recipient Address, Project Period or Project Scope)","1900: STATE, DEPARTMENT OF","STS80012CA105","001",700000,0,1100000,"09/25/2012","09/30/2012","06/30/2015","05: Cooperative agreement","2: Individual action",": Current record","","00FORGN","","","TUN","","","Middle East Partnership Initiative","STATE, DEPARTMENT OF","Provide seed capital to economically viable small-to-medium enterprises.","123456787","7","11","1037","","34, Rue Hdi Karray Centre Urbain N","","",0,0,2012,"","f: For-Profit Organization","g","","1900: STATE, DEPARTMENT OF","NON","TUN","","","",,"",,"",,"",,"",,2/5/2015
F5994F3B-EACB-3FD9-25A8-89B21CD84B36,"active","","19.021","SAIEXEMPT","EDUCATIONAL AND CULTURAL EXCHANGE PROGRAMS, STATE","Association des Scouts Tunisiens","FORGN","","","","","25: All other","A: New assistance action","1900: STATE, DEPARTMENT OF","STS80012CA052","",100000,0,100000,"05/15/2012","05/15/2012","12/30/2012","05: Cooperative agreement","2: Individual action",": Current record","","00FORGN","","","TUN","","","Investing in People in The Middle East and North Africa","STATE, DEPARTMENT OF","This cooperative agreement is awarded to the Tunisian Scouts Association known as ""Scouts Tunisiens"" to assist them in developing an apolitical self-","123456787","","19","0209","","Chairman","Avenue Jughurta","1002 - Tunis Belvdre",0,0,2012,"","o: Other","g","","1900: STATE, DEPARTMENT OF","NON","TUN","","","",,"",,"",,"",,"",,12/4/2012
7BCE27E4-000C-06AC-5F72-AEB0386A95B7,"active","","19.600","SAIEXEMPT","","Tunisian American Chamber of Commerce","FORGN","Tunis","","","","25: All other","A: New assistance action","1900: STATE, DEPARTMENT OF","STS80012CA107","",96000,0,96000,"09/27/2012","10/15/2012","10/14/2013","05: Cooperative agreement","2: Individual action",": Current record","","00FORGN","","Tunis","TUN","","","Bureau of Near Eastern Affairs (NEA)","STATE, DEPARTMENT OF","Support the development of a Smart Center in Tunis, which will function as a business incubator for young entrepreneurs.","123456787","8","11","1037","","10 Ave Ahmed ben Ali El Manar III","","",0,0,2012,"","o: Other","g","","1900: STATE, DEPARTMENT OF","NON","TUN","","","",,"",,"",,"",,"",,9/3/2013
049F70D4-3293-BEB0-39F6-DC3A6EF259A6,"active","20120","19.500","SAIEXEMPT","","Arab Technologies Information and Communicati","FORGN","tunis","","","","22: Profit organization","A: New assistance action","1900: STATE, DEPARTMENT OF","SNEATU11GR110","",190840,0,202640,"07/15/2011","03/14/2012","03/14/2012","04: Project grant","2: Individual action",": Current record","","00FORGN","","","TUN","","ZZ","Middle East Partnership Initiative (MEPI) ","STATE, DEPARTMENT OF","This grant is awarded to Arab Technologies Information and Communication Groups (ATIC Groups) to support the project entitled ?Freedom and Values ? i","123456787","","11","1037","","Rue d'Iran, appt. 7, Lafayette","","",0,0,2011,"00","f: For-Profit Organization","g","ZZ","1900: STATE, DEPARTMENT OF","NON","TUN","","00","",,"",,"",,"",,"",,3/27/2012
F2CE5D67-C9B9-CD9D-90B1-82E76E99A74D,"active","20110","19.500","SAIEXEMPT","","Association Touensa","FORGN","","","","","25: All other","A: New assistance action","1900: STATE, DEPARTMENT OF","SNEATU11GR126","",97295,0,97295,"09/16/2011","09/15/2011","01/14/2012","04: Project grant","2: Individual action",": Current record","","00FORGN","","","TUN","","ZZ","Middle East Partnership Initiative (MEPI) ","STATE, DEPARTMENT OF","The present project aims at educating Tunisian citizens about the values of citizenship and democracy. The NGO, Touensa, and its local partners in th","123456787","","11","1037","","63 Rue Dar Fadhal","","",0,0,2011,"00","o: Other","g","ZZ","1900: STATE, DEPARTMENT OF","NON","TUN","","00","",,"",,"",,"",,"",,9/21/2011
26BF9268-E196-3582-B04F-CC7098C7DA7E,"active","20110","19.500","SAIEXEMPT","","BG Zaafrani and Partners Law Firm","FORGN","Tunis","","","","22: Profit organization","A: New assistance action","1900: STATE, DEPARTMENT OF","SNEATU11GR060","",33988,0,33988,"05/25/2011","05/24/2011","11/23/2011","04: Project grant","2: Individual action",": Current record","","00FORGN","","","TUN","","ZZ","Middle East Partnership Initiative (MEPI) ","STATE, DEPARTMENT OF","This grant is awarded to BG. Zaafrani & Partners Law Firm (BG) to support the project entitled ?For a Better Future, For a Better Tunisia. Let?s Vote","123456787","","11","1037","","10 Rue Mohamed Ali Jneh","Belvedere","",0,0,2011,"00","f: For-Profit Organization","g","ZZ","1900: STATE, DEPARTMENT OF","NON","TUN","","00","",,"",,"",,"",,"",,6/30/2011
77C852DD-7C42-E628-F1A4-CF6FCF07B08E,"active","","19.500","SAIEXEMPT","","Social Development and Empowerment Center","FORGN","Hamamment","","","","25: All other","A: New assistance action","1900: STATE, DEPARTMENT OF","SNEATU12GR082","",162521,0,162521,"07/20/2012","08/01/2012","07/31/2013","04: Project grant","2: Individual action",": Current record","","00FORGN","","","TUN","","","Middle East Partnership Initiative (MEPI) ","STATE, DEPARTMENT OF","The Social Development and Empowerment Center (SDEC) aims to increase the participation of citizens in the next elections (scheduled for March/April","123456787","8","11","1037","","10 Avenue Hassan Hosni Abdelwahab","","",0,0,2012,"","o: Other","g","","1900: STATE, DEPARTMENT OF","NON","TUN","","","",,"",,"",,"",,"",,9/3/2013
C22179C6-EAB2-2F1B-CEE9-0045472D3DE8,"active","","19.600","SAIEXEMPT","INTERNATIONAL DISASTER ASSISTANCE, FUNDS APPROPRIATED TO THE PRESIDENT, US AGENCY FOR INTERNATIONAL DEVELOPMENT","Comite Regional Solidarite Social","FORGN","","","","","25: All other","A: New assistance action","1900: STATE, DEPARTMENT OF","STS80012GR108","",50000,0,50000,"03/15/2012","03/14/2012","09/30/2012","04: Project grant","2: Individual action","C: Current transaction record is a request to replace a previously submitted record that contained data submission errors. Record contains replacement (not delta) values for all data fields that contain submission errors.","","00FORGN","","Jendouba","TUN","","","Bureau of Near Eastern Affairs","STATE, DEPARTMENT OF","Support Emergency Disaster Relief Programs and provision of basic non-food subsistence items for economically vulnerable Tunisians impacted by flood.","123456787","","72","1035","","Jendouba","","",0,0,2012,"","o: Other","g","","1900: STATE, DEPARTMENT OF","NON","TUN","","","",,"",,"",,"",,"",,1/20/2015
2863E665-B360-5EFC-0456-784F47439694,"active","","19.500","SAIEXEMPT","","Associative Action (L'action associative) (AA","FORGN","Tunis","","","","25: All other","A: New assistance action","1900: STATE, DEPARTMENT OF","SNEATU13GR008","",1742490,0,1742490,"01/10/2013","02/01/2013","01/31/2014","04: Project grant","2: Individual action",": Current record","","00FORGN","","Tunis","TUN","1004","","Middle East Partnership Initiative (MEPI) ","STATE, DEPARTMENT OF","During decades,Tunisian judicial institutions were put under the control of dictatorship.Today,many Tunisian citizens,especially those residents....","123456787","","11","1037","","51, Avenue D'Afrique, Menzah 5, 100","","",0,0,2013,"","o: Other","g","","1900: STATE, DEPARTMENT OF","NON","TUN","","","",,"",,"",,"",,"",,2/4/2013
E54BDD39-8A29-52AD-4892-7DBAE9401D49,"active","","19.500","SAIEXEMPT","","The Tunisian Association for the Prevention o","FORGN","","","","","25: All other","A: New assistance action","1900: STATE, DEPARTMENT OF","SNEATU13GR024","",53247,0,53247,"03/26/2013","05/01/2013","04/30/2014","04: Project grant","2: Individual action",": Current record","","00FORGN","","","TUN","","","Middle East Partnership Initiative (MEPI) ","STATE, DEPARTMENT OF","ATUPRET project entitled ""Engaging Youth in Tackling Drug Addiction"" aims at training young activists on drug addiction risk prevention strategy","123456787","","11","1037","","Immeuble Ibn Rochd","Rue Hedi Nouira","",0,0,2013,"","o: Other","g","","1900: STATE, DEPARTMENT OF","NON","TUN","","","",,"",,"",,"",,"",,4/8/2013
2E3282EF-97FA-38A0-8FEC-31513113E0FF,"active","","19.500","SAIEXEMPT","","L'association la voix de la femme","FORGN","","","","","25: All other","A: New assistance action","1900: STATE, DEPARTMENT OF","SNEATU13GR009","",154646,0,154646,"12/17/2012","01/01/2013","10/31/2013","04: Project grant","2: Individual action",": Current record","","00FORGN","","","TUN","","","Middle East Partnership Initiative (MEPI) ","STATE, DEPARTMENT OF","The project will develop and strengthen women's financial autonomy in the marginalized region of the Tunisian South.","123456787","","11","1037","","20 Bis rue du cote d'ivoire","Tunis 1002","",0,0,2013,"","o: Other","g","","1900: STATE, DEPARTMENT OF","NON","TUN","","","",,"",,"",,"",,"",,9/5/2014
5BE04667-5A02-4FAD-DDE9-3637E4542A08,"active","","98.001","SAI NOT AVAILABLE","ECONOMIC SUPPORT FUND, FUNDS APPROPRIATED TO THE PRESIDENT","ARAB ORGANIZATION OF SUPREME AUDIT INSTITUTIO","FORGN","TUNIS","","","","25: All other","A: New assistance action","7200: AGENCY FOR INTERNATIONAL DEVELOPMENT","AID263IO1300010","0000",200000,0,200000,"09/20/2013","09/30/2013","09/30/2018","06: Direct payment for specified use, as a subsidy or other non-reimbursable direct financial aid","2: Individual action","L: Current record--unused code retained for backwards compatibility.","20134","00FORGN","00","FORGN","EGY","","","USAID Foreign Assistance for Programs Overseas","AGENCY FOR INTERNATIONAL DEVELOPMENT","PIO GRANT WITH ARAB ORGANIZATION OF SUPREME AUDIT INSTITUTIONS (ARABOSAI)","850538776","","72","1037","","TAYEB M'HIRI","","",0,0,2013,"","o: Other","d","","7200: AGENCY FOR INTERNATIONAL DEVELOPMENT","NON","TUN","AID-263-IO-13-00010-00","","",,"",,"",,"",,"",,1/31/2014
63DE19E7-E1C9-D054-EB07-32B61ADD72AA,"active","","19.021","SAIEXEMPT","EDUCATIONAL AND CULTURAL EXCHANGE PROGRAMS, STATE","AMIDEAST Tunis","FORGN","","","","","12: Other nonprofit","A: New assistance action","1900: STATE, DEPARTMENT OF","STS80014GR055","",40945,0,40945,"09/15/2014","09/30/2015","09/30/2015","04: Project grant","2: Individual action",": Current record","","00FORGN","","","TUN","","","Investing in People in The Middle East and North Africa","STATE, DEPARTMENT OF","This grant is awarded to Amideast to provide further professional development opportunity for Access teachers throughout Tunisia and organize a profe","074807124","5","19","0209","","Country Director","22, Rue Al Amine Al Abassi","",0,0,2014,"","n: Non-Profit Organization","g","","1900: STATE, DEPARTMENT OF","NON","TUN","","","",,"",,"",,"",,"",,10/3/2014
0DB6D925-146D-095E-76CB-74DBA57C8DB4,"active","","64.109","SAI EXEMPT","COMPENSATION AND PENSIONS, VETERANS BENEFITS ADMINISTRATION, VETERANS AFFAIRS","MULTIPLE RECIPIENTS","FORGN","","","","","21: Individual",": (none)","3640: UNDER SECRETARY FOR BENEFITS/VETERANS BENEFITS ADMINISTATION","VAVBASVCCOMPOCT2","014",4792,0,4792,"10/29/2014","","","10: Direct payment with unrestricted use (retirement, pension, veterans' benefits, etc.)","1: County aggregate",": Current record","","00FORGN","","","TUN","","","Veterans Compensation for Service-Connected Disability","UNDER SECRETARY FOR BENEFITS/VETERANS BENEFITS ADMINISTATION","","","","36","0102","","","","",0,0,2015,"","i: Individual","d","","3600: VETERANS AFFAIRS, DEPARTMENT OF","NON","TUN","6410920141013636","","",,"",,"",,"",,"",,11/20/2014
BB6DBFBF-C7AB-18E5-11E6-2C2A07A6D6C2,"active","20101","19.022","SAIEXEMPT","EDUCATIONAL AND CULTURAL EXCHANGE PROGRAMS, STATE","AMIDEAST Tunis","FORGN","","","","","12: Other nonprofit","A: New assistance action","1900: STATE, DEPARTMENT OF","STS80010GR216","",2000,0,2000,"03/01/2010","03/01/2010","09/30/2010","04: Project grant","2: Individual action",": Current record","20102","00FORGN","","","TUN","","ZZ","Educational and Cultural Exchange Programs Appropriation Overseas Grants","STATE, DEPARTMENT OF","This grant will be used by Amideast Tunisia for the design of a coursebook to teach modern Tunisian Arabic to American students and volunteers. The c","362541789","","19","0209","","22  Rue Al Amine Al Abassi","","",0,0,2010,"00","n: Non-Profit Organization","g","ZZ","1900: STATE, DEPARTMENT OF","NON","TUN","","00","",,"",,"",,"",,"",,12/10/2010
46F768F3-FD52-B56A-B4C8-35EE172DCC54,"active","20110","19.409","SAIEXEMPT","DIPLOMATIC AND CONSULAR PROGRAMS, STATE","L?ART RUE (SARL)","FORGN","","","","","25: All other","A: New assistance action","1900: STATE, DEPARTMENT OF","STS80010GR242","",10000,0,10000,"08/04/2010","09/15/2010","12/15/2010","04: Project grant","2: Individual action",": Current record","","00FORGN","","","TUN","","ZZ","Arts Exchanges on International Issues","STATE, DEPARTMENT OF","This grant is provided to l'Art Rue to fund participation of two dancers from the Trisha Brown Dance Company in New York City in the Tunis outdoor da","365214789","","19","0113","","G¿¿rant de la soci¿¿t¿¿","17 rue Saleheddine El Ayoubi","2080 Ariana",0,0,2010,"00","o: Other","g","ZZ","1900: STATE, DEPARTMENT OF","NON","TUN","","00","",,"",,"",,"",,"",,4/7/2011
A9ECD282-6CAD-9C33-FD15-51EB7FC4AC57,"active","20101","19.015","SAIEXEMPT","DIPLOMATIC AND CONSULAR PROGRAMS, STATE","TAAMS","FORGN","Ariana","","","","25: All other","A: New assistance action","1900: STATE, DEPARTMENT OF","STS80010GR204","",5000,0,5000,"12/15/2009","01/01/2010","04/30/2010","04: Project grant","2: Individual action",": Current record","20101","00FORGN","","Tinisia","TUN","2073","ZZ","Cultural, Technical and Educational Centers","STATE, DEPARTMENT OF","Design of an accounting manual to support micro-credit beneficiaries","023569478","","19","0113","","42  Rue des Iles Comores","Borj Louzir","",0,0,2010,"00","o: Other","g","ZZ","1900: STATE, DEPARTMENT OF","NON","TUN","","00","",,"",,"",,"",,"",,12/10/2010
DBD97FF3-EB63-4DB4-33A8-5E5B272F0DCE,"active","20101","19.022","SAIEXEMPT","EDUCATIONAL AND CULTURAL EXCHANGE PROGRAMS, STATE","AMIDEAST Tunis","FORGN","","","","","12: Other nonprofit","A: New assistance action","1900: STATE, DEPARTMENT OF","STS80010GR215","",3000,0,3000,"01/01/2010","01/02/2010","04/30/2010","04: Project grant","2: Individual action",": Current record","20102","00FORGN","","","TUN","","ZZ","Educational and Cultural Exchange Programs Appropriation Overseas Grants","STATE, DEPARTMENT OF","This grant will be used by Amideast to provide English Language Courses for Tunisian Journalists selected by Public Affairs.","362541789","","19","0209","","22  Rue Al Amine Al Abassi","","",0,0,2010,"00","n: Non-Profit Organization","g","ZZ","1900: STATE, DEPARTMENT OF","NON","TUN","","00","",,"",,"",,"",,"",,12/10/2010
89210E81-114A-7051-A2D8-9D6C07FDE239,"active","20091","19.500","SAIEXEMPT","","Arab Institute for Human Rights (AIHR)","FORGN","Tunis","","","2004","25: All other","A: New assistance action","1900: STATE, DEPARTMENT OF","SNEATU09CA030","",100000,0,100000,"07/30/2009","07/15/2009","07/14/2010","05: Cooperative agreement","2: Individual action",": Current record","20094","00FORGN","","","MAR","","ZZ","Middle East Partnership Initiative (MEPI) ","STATE, DEPARTMENT OF","The project aims at empowering CS to support internal changes, advocate national reform agendas and develop culture of democracy and citizenship. Fou","565410045","","11","1037","","14 Rue El Jehad","El Menzah I","",0,0,2009,"00","o: Other","g","00","1900: STATE, DEPARTMENT OF","NON","TUN","","00","",,"",,"",,"",,"",,8/18/2009
583A5944-2C4A-E422-A2A0-948B2B53D5F6,"active","20110","19.500","SAIEXEMPT","","Arab Institute for Human Rights","FORGN","","","","","25: All other","A: New assistance action","1900: STATE, DEPARTMENT OF","SNEATU11GR008","",125270,0,125270,"02/16/2011","02/01/2011","01/31/2012","04: Project grant","2: Individual action",": Current record","","00FORGN","","","TUN","","ZZ","Middle East Partnership Initiative (MEPI) ","STATE, DEPARTMENT OF","the purpose of this project is to develop knowledge and capacities on religious reform and their effect on Political and Social reforms in Maghreb Re","123456787","7","11","1037","","54, Avenue Al Khalij Al Arabi -","Menzah 8 - Ariana - CP2037","",0,0,2011,"00","o: Other","g","ZZ","1900: STATE, DEPARTMENT OF","NON","TUN","","00","",,"",,"",,"",,"",,6/16/2011
968ADB03-FDE6-AF94-CD22-A0093ED51C98,"active","20110","19.500","SAIEXEMPT","","Club UNESCO","FORGN","","","","","25: All other","A: New assistance action","1900: STATE, DEPARTMENT OF","SNEATU11GR037","",199990,0,199990,"07/14/2011","07/15/2011","07/14/2012","04: Project grant","2: Individual action",": Current record","","00FORGN","","","TUN","","ZZ","Middle East Partnership Initiative (MEPI) ","STATE, DEPARTMENT OF","The project ""ANA TOUNSI 2.0"", seeks to create responsible Tunisian youth citizens and instill in them the values of democracy and rule of law through","123456787","5","11","1037","","13, rue des Marguerites","Cite Ezzouhour - 2052 Tunis","",0,0,2011,"00","o: Other","g","ZZ","1900: STATE, DEPARTMENT OF","NON","TUN","","00","",,"",,"",,"",,"",,8/20/2011
60C4FADF-B064-4E65-B4FE-6285E2107ABD,"active","20110","19.500","SAIEXEMPT","","Al Kawakibi Democracy Transition Center (KADE","FORGN","Tunis","","","","25: All other","C: Revision (any change in Federal Government's financial obligation or contingent liability in existing assistance transaction amount of the change in funding; or any change in Recipient Name, Recipient Address, Project Period or Project Scope)","1900: STATE, DEPARTMENT OF","SNEATU10GR056","001",0,0,0,"10/01/2010","10/01/2010","03/31/2011","04: Project grant","2: Individual action",": Current record","","00FORGN","","Tunis","TUN","","ZZ","Middle East Partnership Initiative (MEPI) ","STATE, DEPARTMENT OF","This project aims to consolidate the process of democracy transition through reinforcing local expertise on the electoral process. This objective wil","850461642","9","11","1037","","14, rue El Jahedh, El Menzah 1","","",0,0,2011,"00","o: Other","g","ZZ","1900: STATE, DEPARTMENT OF","NON","TUN","","00","",,"",,"",,"",,"",,3/23/2011
0531D637-0342-6A80-E009-4F56FA5DD1AA,"active","","19.600","SAIEXEMPT","UNITED STATES EMERGENCY REFUGEE AND MIGRATION ASSISTANCE FUND, FUNDS APPROPRIATED TO THE PRESIDENT","Association Tunisienne de la Sant et de la R","FORGN","Ariana","","","","25: All other","A: New assistance action","1900: STATE, DEPARTMENT OF","STS80011GR100","",25000,0,25000,"09/02/2011","09/01/2011","10/31/2011","04: Project grant","2: Individual action",": Current record","","00FORGN","","","TUN","","","Bureau of Near Eastern Affairs (NEA)","STATE, DEPARTMENT OF","To identify the needs of Libyan families' refugees in Tataouine for essential medical services and increaese access to 4000 refugees","123456787","","11","0040","","El Menzah VII - 2080 Ariana","","",0,0,2011,"","o: Other","g","","1900: STATE, DEPARTMENT OF","NON","TUN","","","",,"",,"",,"",,"",,9/3/2013
D5F6FF4A-D74D-7686-C84A-28F4F7CF4174,"active","","98.001","SAI NOT AVAILABLE","DEVELOPMENT ASSISTANCE, AGENCY FOR INTERNATIONAL DEVELOPMENT, FUNDS APPROPRIATED TO THE PRESIDENT","BAD","FORGN","TUNIS BELVEDERE","","","","25: All other","A: New assistance action","7200: AGENCY FOR INTERNATIONAL DEVELOPMENT","AIDEGATG1200001","0000",200000,0,200000,"08/27/2012","08/05/2012","10/23/2014","06: Direct payment for specified use, as a subsidy or other non-reimbursable direct financial aid","2: Individual action","C: Current transaction record is a request to replace a previously submitted record that contained data submission errors. Record contains replacement (not delta) values for all data fields that contain submission errors.","20124","00FORGN","00","FORGN","TUN","","","USAID Foreign Assistance for Programs Overseas","AGENCY FOR INTERNATIONAL DEVELOPMENT","MIGRATION AND DEVELOPMENT FUND","557734957","","72","1021","","15, AVENUE DU GHANA","","",0,0,2012,"","o: Other","d","","7200: AGENCY FOR INTERNATIONAL DEVELOPMENT","NON","TUN","AID-EGAT-G-12-00001-00","","",,"",,"",,"",,"",,5/5/2014
848754D5-11D7-3C9F-2354-457C8BAE38F6,"active","20120","19.500","SAIEXEMPT","","Association Tunisienne de Developpement Durab","FORGN","Tunis","","","","25: All other","A: New assistance action","1900: STATE, DEPARTMENT OF","SNEATU12GR004","",73223,0,80423,"12/15/2011","12/31/2012","12/31/2012","04: Project grant","2: Individual action",": Current record","","00FORGN","","Tunis","TUN","","ZZ","Middle East Partnership Initiative (MEPI) ","STATE, DEPARTMENT OF","Association Tunisienne de D'velopement Durable through its project entitled ""Promotion of Civic Responsibility and Participatory Democracy"", in partn","123456787","","11","1037","","Avenue Habib Bourguiba","Immeuble le Colisee","",0,0,2012,"00","o: Other","g","ZZ","1900: STATE, DEPARTMENT OF","NON","TUN","","00","",,"",,"",,"",,"",,1/5/2012
74D259DF-D3F4-A2B1-0E56-96C6D72D84B7,"active","","19.500","SAIEXEMPT","","Support for Development Initiatives (AID)","FORGN","Tunis","","","","25: All other","A: New assistance action","1900: STATE, DEPARTMENT OF","SNEATU12GR081","",105157,0,105157,"09/11/2012","10/01/2012","09/30/2013","04: Project grant","2: Individual action",": Current record","","00FORGN","","Tunis","TUN","2080","","Middle East Partnership Initiative (MEPI) ","STATE, DEPARTMENT OF","Support for Development Initiatives (AID), through its project entitled ?The Citizen School in Kasserine,? will create a platform for youth pioneers","123456787","","11","1037","","Avenue de l'independance, Residence","Bloc A, Appartement 3, Ariana 2080,","",0,0,2012,"","o: Other","g","","1900: STATE, DEPARTMENT OF","NON","TUN","","","",,"",,"",,"",,"",,11/1/2012
BD441128-A591-D7F9-AA4A-4440D09B5A78,"active","","64.028","SAI EXEMPT","READJUSTMENT BENEFITS, VETERANS BENEFITS ADMINISTRATION, VETERANS AFFAIRS","MULTIPLE RECIPIENTS","FORGN","","","","","21: Individual",": (none)","3640: UNDER SECRETARY FOR BENEFITS/VETERANS BENEFITS ADMINISTATION","VAVBA911EDUCFEB2","014",1750,0,1750,"02/26/2014","","","10: Direct payment with unrestricted use (retirement, pension, veterans' benefits, etc.)","1: County aggregate",": Current record","","00FORGN","","","TUN","","","Post-9/11 Veterans Educational Assistance","UNDER SECRETARY FOR BENEFITS/VETERANS BENEFITS ADMINISTATION","","","","36","0137","","","","",0,0,2014,"","i: Individual","d","","3600: VETERANS AFFAIRS, DEPARTMENT OF","NON","TUN","6402820140203029","","",,"",,"",,"",,"",,3/24/2014
0CA29A2D-8650-461F-1EEE-DC6D35C7102B,"active","","64.109","SAI EXEMPT","COMPENSATION AND PENSIONS, VETERANS BENEFITS ADMINISTRATION, VETERANS AFFAIRS","MULTIPLE RECIPIENTS","FORGN","","","","","21: Individual",": (none)","3640: UNDER SECRETARY FOR BENEFITS/VETERANS BENEFITS ADMINISTATION","VAVBASVCCOMPMAR2","014",2396,0,2396,"03/27/2014","","","10: Direct payment with unrestricted use (retirement, pension, veterans' benefits, etc.)","1: County aggregate",": Current record","","00FORGN","","","TUN","","","Veterans Compensation for Service-Connected Disability","UNDER SECRETARY FOR BENEFITS/VETERANS BENEFITS ADMINISTATION","","","","36","0102","","","","",0,0,2014,"","i: Individual","d","","3600: VETERANS AFFAIRS, DEPARTMENT OF","NON","TUN","6410920140300095","","",,"",,"",,"",,"",,4/18/2014
01771CAC-BC9C-85FA-67CD-4F34FA2E33E2,"active","","64.028","SAI EXEMPT","READJUSTMENT BENEFITS, VETERANS BENEFITS ADMINISTRATION, VETERANS AFFAIRS","MULTIPLE RECIPIENTS","FORGN","","","","","21: Individual",": (none)","3640: UNDER SECRETARY FOR BENEFITS/VETERANS BENEFITS ADMINISTATION","VAVBA911EDUCAUG2","014",875,0,875,"08/27/2014","","","10: Direct payment with unrestricted use (retirement, pension, veterans' benefits, etc.)","1: County aggregate",": Current record","","00FORGN","","","TUN","","","Post-9/11 Veterans Educational Assistance","UNDER SECRETARY FOR BENEFITS/VETERANS BENEFITS ADMINISTATION","","","","36","0137","","","","",0,0,2014,"","i: Individual","d","","3600: VETERANS AFFAIRS, DEPARTMENT OF","NON","TUN","6402820140800680","","",,"",,"",,"",,"",,9/23/2014
D3144CF3-DCB8-1B96-D1C8-0CF4840965D1,"active","","98.001","SAI NOT AVAILABLE","DEVELOPMENT ASSISTANCE, AGENCY FOR INTERNATIONAL DEVELOPMENT, FUNDS APPROPRIATED TO THE PRESIDENT","BAD","FORGN","TUNIS BELVEDERE","","","","25: All other","A: New assistance action","7200: AGENCY FOR INTERNATIONAL DEVELOPMENT","AIDBFSIO1300002","0000",2024326,0,2024326,"08/06/2013","08/21/2013","08/20/2017","04: Project grant","2: Individual action","L: Current record--unused code retained for backwards compatibility.","20134","00FORGN","00","FORGN","GHA","","","USAID Foreign Assistance for Programs Overseas","AGENCY FOR INTERNATIONAL DEVELOPMENT","AGRICULTURAL FAST TRACK FUND-PIO","557734957","","72","1021","","15, AVENUE DU GHANA","","",0,0,2013,"","o: Other","g","","7200: AGENCY FOR INTERNATIONAL DEVELOPMENT","NON","TUN","AID-BFS-IO-13-00002-00","","",,"",,"",,"",,"",,9/16/2014
CFDFE12F-C45A-7901-7EC3-8936D9541EEB,"active","","64.028","SAI EXEMPT","READJUSTMENT BENEFITS, VETERANS BENEFITS ADMINISTRATION, VETERANS AFFAIRS","MULTIPLE RECIPIENTS","FORGN","","","","","21: Individual",": (none)","3640: UNDER SECRETARY FOR BENEFITS/VETERANS BENEFITS ADMINISTATION","VAVBA911EDUCJUL2","014",875,0,875,"07/29/2014","","","10: Direct payment with unrestricted use (retirement, pension, veterans' benefits, etc.)","1: County aggregate",": Current record","","00FORGN","","","TUN","","","Post-9/11 Veterans Educational Assistance","UNDER SECRETARY FOR BENEFITS/VETERANS BENEFITS ADMINISTATION","","","","36","0137","","","","",0,0,2014,"","i: Individual","d","","3600: VETERANS AFFAIRS, DEPARTMENT OF","NON","TUN","6402820140700405","","",,"",,"",,"",,"",,8/20/2014
ACF11FC1-03E8-5465-BFD7-108F6CF8F87A,"active","","64.109","SAI EXEMPT","COMPENSATION AND PENSIONS, VETERANS BENEFITS ADMINISTRATION, VETERANS AFFAIRS","MULTIPLE RECIPIENTS","FORGN","","","","","21: Individual",": (none)","3640: UNDER SECRETARY FOR BENEFITS/VETERANS BENEFITS ADMINISTATION","VAVBASVCCOMPFEB2","014",2396,0,2396,"02/26/2014","","","10: Direct payment with unrestricted use (retirement, pension, veterans' benefits, etc.)","1: County aggregate",": Current record","","00FORGN","","","TUN","","","Veterans Compensation for Service-Connected Disability","UNDER SECRETARY FOR BENEFITS/VETERANS BENEFITS ADMINISTATION","","","","36","0102","","","","",0,0,2014,"","i: Individual","d","","3600: VETERANS AFFAIRS, DEPARTMENT OF","NON","TUN","6410920140206234","","",,"",,"",,"",,"",,3/24/2014
A9A69982-F22A-31F9-BA46-EC4B6E7E1149,"active","","19.500","SAIEXEMPT","ECONOMIC SUPPORT FUND, FUNDS APPROPRIATED TO THE PRESIDENT","Arab Institute for Human Rights","FORGN","","","","","25: All other","A: New assistance action","1900: STATE, DEPARTMENT OF","SNEATU14GR019","",116800,0,116800,"07/23/2014","08/01/2014","03/30/2015","04: Project grant","2: Individual action","C: Current transaction record is a request to replace a previously submitted record that contained data submission errors. Record contains replacement (not delta) values for all data fields that contain submission errors.","","00FORGN","","Tunis","TUN","","","Middle East Partnership Initiative","STATE, DEPARTMENT OF","This project aims at training members of local NGOS to sensitize and mobilize marginalized population to vote in the Tunisian upcoming elections","123456787","7","72","1037","","54, Avenue Al Khalij Al Arabi -","Menzah 8 - Ariana - CP2037","",0,0,2014,"","o: Other","g","","1900: STATE, DEPARTMENT OF","NON","TUN","","","",,"",,"",,"",,"",,2/20/2015
61CB8A32-E0D3-09A7-2FCB-715C990494F9,"active","","98.001","SAI NOT AVAILABLE","DEVELOPMENT ASSISTANCE, AGENCY FOR INTERNATIONAL DEVELOPMENT, FUNDS APPROPRIATED TO THE PRESIDENT","ASSOCIATION FOR THE DEVELOPME NT OF EDUCATION","FORGN","TUNIS","","","","25: All other","A: New assistance action","7200: AGENCY FOR INTERNATIONAL DEVELOPMENT","AIDAFRIO1400010","0000",1000000,0,1000000,"08/15/2014","07/15/2014","07/14/2017","02: Block grant","2: Individual action",": Current record","","00FORGN","00","FORGN","TUN","","","USAID Foreign Assistance for Programs Overseas","AGENCY FOR INTERNATIONAL DEVELOPMENT","THE ASSOCIATION FOR THE DEVELOPMENT OF EDUCATION IN AFRICA (ADEA)","850492363","","72","1021","","13 RUE DU","","",0,0,2014,"","o: Other","g","","7200: AGENCY FOR INTERNATIONAL DEVELOPMENT","NON","TUN","AID-AFR-IO-14-00010-00","","",,"",,"",,"",,"",,9/15/2014
01DC03ED-66E5-8C11-B7B9-636DF3EF6852,"active","","19.500","SAIEXEMPT","","L'association la voix de la femme","FORGN","","","","","25: All other","C: Revision (any change in Federal Government's financial obligation or contingent liability in existing assistance transaction amount of the change in funding; or any change in Recipient Name, Recipient Address, Project Period or Project Scope)","1900: STATE, DEPARTMENT OF","SNEATU13GR009","002",103315,0,257961,"02/07/2014","01/01/2013","03/06/2015","04: Project grant","2: Individual action",": Current record","","00FORGN","","","TUN","","","Middle East Partnership Initiative (MEPI) ","STATE, DEPARTMENT OF","The project will develop and strengthen women's financial autonomy in the marginalized region of the Tunisian South.","123456787","","11","1037","","20 Bis rue du cote d'ivoire","Tunis 1002","",0,0,2014,"","o: Other","g","","1900: STATE, DEPARTMENT OF","NON","TUN","","","",,"",,"",,"",,"",,9/5/2014
EFB3F33F-AC69-C8E9-3022-43E69DA579FE,"active","","19.021","SAIEXEMPT","EDUCATIONAL AND CULTURAL EXCHANGE PROGRAMS, STATE","Education for employment","FORGN","","","","","25: All other","A: New assistance action","1900: STATE, DEPARTMENT OF","STS80014GR059","",60000,0,60000,"09/11/2014","09/30/2015","09/30/2015","04: Project grant","2: Individual action",": Current record","","00FORGN","","","TUN","","","Investing in People in The Middle East and North Africa","STATE, DEPARTMENT OF","This grant is awarded to Education for Employment to support the implementation of a high-tech entrepreneurship training program, in collaboration wi","169719957","","19","0209","","CEO","","",0,0,2014,"","o: Other","g","","1900: STATE, DEPARTMENT OF","NON","TUN","","","",,"",,"",,"",,"",,10/3/2014
61ADFF4F-3244-B181-D61F-AE31D18ACD7E,"active","","64.109","SAI EXEMPT","COMPENSATION AND PENSIONS, VETERANS BENEFITS ADMINISTRATION, VETERANS AFFAIRS","MULTIPLE RECIPIENTS","FORGN","","","","","21: Individual",": (none)","3640: UNDER SECRETARY FOR BENEFITS/VETERANS BENEFITS ADMINISTATION","VAVBASVCCOMPAPR2","014",2396,0,2396,"04/28/2014","","","10: Direct payment with unrestricted use (retirement, pension, veterans' benefits, etc.)","1: County aggregate",": Current record","","00FORGN","","","TUN","","","Veterans Compensation for Service-Connected Disability","UNDER SECRETARY FOR BENEFITS/VETERANS BENEFITS ADMINISTATION","","","","36","0102","","","","",0,0,2014,"","i: Individual","d","","3600: VETERANS AFFAIRS, DEPARTMENT OF","NON","TUN","6410920140402396","","",,"",,"",,"",,"",,5/27/2014
57B9EECC-CAD3-F8A6-CA27-DDFAA60DDA56,"active","","64.109","SAI EXEMPT","COMPENSATION AND PENSIONS, VETERANS BENEFITS ADMINISTRATION, VETERANS AFFAIRS","MULTIPLE RECIPIENTS","FORGN","","","","","21: Individual",": (none)","3640: UNDER SECRETARY FOR BENEFITS/VETERANS BENEFITS ADMINISTATION","VAVBASVCCOMPJAN2","015",1643,0,1643,"01/28/2015","","","10: Direct payment with unrestricted use (retirement, pension, veterans' benefits, etc.)","1: County aggregate",": Current record","","00FORGN","","","TUN","","","Veterans Compensation for Service-Connected Disability","UNDER SECRETARY FOR BENEFITS/VETERANS BENEFITS ADMINISTATION","","","","36","0102","","","","",0,0,2015,"","i: Individual","d","","3600: VETERANS AFFAIRS, DEPARTMENT OF","NON","TUN","6410920150114041","","",,"",,"",,"",,"",,2/23/2015
1500268E-42A2-DD9C-3A0B-A5B596CBBB75,"active","20104","19.500","SAIEXEMPT","","ATDD","FORGN","","","","","25: All other","A: New assistance action","1900: STATE, DEPARTMENT OF","STS80008GR006","",65973,0,65973,"04/01/2008","04/01/2008","03/31/2009","04: Project grant","2: Individual action",": Current record","20083","00FORGN","","","TUN","","ZZ","Middle East Partnership Initiative (MEPI) ","STATE, DEPARTMENT OF","ATDD will help raise awareness about intellectual property rights (IPR) and contribute to the enforcement of IPR laws in Tunisia.  Activities include","123456787","","11","1037","","12 Rue Med Rachid Ridha","Montplaisir 1073","Tunis",0,0,2008,"00","o: Other","g","ZZ","1900: STATE, DEPARTMENT OF","NON","TUN","","00","",,"",,"",,"",,"",,12/22/2009
F05A3418-16DC-6F3D-0D8C-BE9F2E026691,"active","20101","19.500","SAIEXEMPT","","International College of Tunis","FORGN","","","","","25: All other","A: New assistance action","1900: STATE, DEPARTMENT OF","SNEATU09GR035","",28798,0,28798,"09/09/2009","09/01/2009","01/31/2010","04: Project grant","2: Individual action","C: Current transaction record is a request to replace a previously submitted record that contained data submission errors. Record contains replacement (not delta) values for all data fields that contain submission errors.","20094","00FORGN","","Tunisia","TUN","","ZZ","Middle East Partnership Initiative (MEPI) ","STATE, DEPARTMENT OF","This project will  through 6 pre-event workshops  2-day seminar  and 2 post event workshops + Final Report  examine the socio-cultural obstacles that","557733031","5","11","1037","","19  impasse Sidi Abderraouf rue El","","",0,0,2009,"00","o: Other","g","ZZ","1900: STATE, DEPARTMENT OF","NON","TUN","","00","",,"",,"",,"",,"",,10/21/2010
AAE66819-9670-C8A0-DE16-E55824EF26B1,"active","20110","19.500","SAIEXEMPT","","ACMACO/CEMAREF","FORGN","Tunis","","","","25: All other","A: New assistance action","1900: STATE, DEPARTMENT OF","SNEATU09GR029","",100000,0,100000,"10/29/2009","04/30/2011","04/30/2011","04: Project grant","2: Individual action","C: Current transaction record is a request to replace a previously submitted record that contained data submission errors. Record contains replacement (not delta) values for all data fields that contain submission errors.","20101","00FORGN","","Tunis","TUN","","ZZ","Middle East Partnership Initiative (MEPI) ","STATE, DEPARTMENT OF","The project will, through seven seminars, evaluate Tunisia?s reform movement from the 19th Century including the periods from Independence (1957) and","557734689","8","11","1037","","8, rue de l'Argentine 1002, Tunis B","","",0,0,2010,"00","o: Other","g","ZZ","1900: STATE, DEPARTMENT OF","NON","TUN","","00","",,"",,"",,"",,"",,2/4/2011
775726C3-D3C8-86BE-6567-02DE1E3A330B,"active","20110","19.411","SAIEXEMPT","EDUCATIONAL AND CULTURAL EXCHANGE PROGRAMS, STATE","AMIDEAST Tunis","FORGN","","","","","12: Other nonprofit","A: New assistance action","1900: STATE, DEPARTMENT OF","STS80010GR260","",10000,0,10000,"09/13/2010","09/13/2010","09/30/2011","04: Project grant","2: Individual action",": Current record","","00FORGN","","","TUN","","ZZ","EDUCATIONAL EXCHANGE-NIS SECONDARY SCHOOL INITIATIVE","STATE, DEPARTMENT OF","This grant will be used by  AMIDEAST to follow-up with the most enterprising of the28 young women from underprivileged areas of greater Tunis (includ","362541789","5","19","0209","","22, Rue Al Amine Al Abassi","","",0,0,2010,"00","n: Non-Profit Organization","g","ZZ","1900: STATE, DEPARTMENT OF","NON","TUN","","00","",,"",,"",,"",,"",,6/3/2011
A2D92870-8A25-5AEA-E46B-AAF88110C8AE,"active","20110","19.410","SAIEXEMPT","DIPLOMATIC AND CONSULAR PROGRAMS, STATE","AMIDEAST","FORGN","","","","","12: Other nonprofit","A: New assistance action","1900: STATE, DEPARTMENT OF","STS80010GR257","",25000,0,25000,"09/13/2010","09/13/2010","09/30/2011","04: Project grant","2: Individual action",": Current record","","00FORGN","","","TUN","","ZZ","Educational Exchange_Congress-Bundestag Youth Exchange","STATE, DEPARTMENT OF","This grant will be used by AMIDEAST to further enhance the leadership, community development and civic responsibility Attitudes, Knowledge and Skills","321456987","","19","0113","","22, Rue Al AMine Al Abassi","1002 - Tunis Belvedere","",0,0,2010,"00","n: Non-Profit Organization","g","ZZ","1900: STATE, DEPARTMENT OF","NON","TUN","","00","",,"",,"",,"",,"",,6/3/2011
4AF22605-AB80-7E25-0C73-00EB6DBB6E7A,"active","","98.001","SAI NOT AVAILABLE","DEVELOPMENT ASSISTANCE, AGENCY FOR INTERNATIONAL DEVELOPMENT, FUNDS APPROPRIATED TO THE PRESIDENT","ASSOCIATION FOR THE DEVELOPME NT OF EDUCATION","FORGN","TUNIS","","","","25: All other","A: New assistance action","7200: AGENCY FOR INTERNATIONAL DEVELOPMENT","AIDAFRG000800003","0002",1000000,0,1000000,"04/17/2012","09/08/2008","09/30/2012","04: Project grant","2: Individual action","L: Current record--unused code retained for backwards compatibility.","20123","00FORGN","00","FORGN","TUN","","","USAID Foreign Assistance for Programs Overseas","AGENCY FOR INTERNATIONAL DEVELOPMENT","ASSISTANCE TO MINISTERS OF EDUCATION IN POLICY AND RESEARCH","850492363","","72","1021","","13 RUE DU","","",0,0,2012,"","o: Other","g","","7200: AGENCY FOR INTERNATIONAL DEVELOPMENT","NON","TUN","AID-AFR-G-00-08-00003-02","","",,"",,"",,"",,"",,9/9/2014
FC88046C-DB32-470E-C6B4-0165DDC04223,"active","","19.500","SAIEXEMPT","","Association de developpement de la femme rura","FORGN","Sbeilta","","","","25: All other","A: New assistance action","1900: STATE, DEPARTMENT OF","SNEATU12GR086","",63389,0,63389,"08/28/2012","10/01/2012","09/30/2013","04: Project grant","2: Individual action",": Current record","","00FORGN","","","TUN","","","Middle East Partnership Initiative (MEPI) ","STATE, DEPARTMENT OF","The Association of Development of Rural Women through their project untitled ?Alternative Tourism? aims to provide a form of alternative tourism in r","123456787","","11","1037","","Face Kallel Samama Primary School","","",0,0,2012,"","o: Other","g","","1900: STATE, DEPARTMENT OF","NON","TUN","","","",,"",,"",,"",,"",,11/1/2012
74B495FE-4D12-AE0C-F306-7B59E93D57AA,"active","20111","19.500","SAIEXEMPT","","Centre d'Etude et de Formation sur la Citoyen","FORGN","Tunis","","","","25: All other","A: New assistance action","1900: STATE, DEPARTMENT OF","SNEATU11GR065","",80195,0,80195,"08/25/2011","10/01/2011","03/15/2012","04: Project grant","2: Individual action",": Current record","","00FORGN","","Tunis","TUN","","ZZ","Middle East Partnership Initiative (MEPI) ","STATE, DEPARTMENT OF","The project seeks to build the capacities of young Tunisian journalists in the areas of democracy and citizenship to serve the democratic transition","123456787","","11","1037","","Impasse 1, Avenue Abdelaziz Al Saou","App 9 , El Manar 2, Tunis.","",0,0,2011,"00","o: Other","g","ZZ","1900: STATE, DEPARTMENT OF","NON","TUN","","00","",,"",,"",,"",,"",,10/3/2011
1FE94EDF-0657-40BE-359F-83C95159FB43,"active","20110","19.500","SAIEXEMPT","","Lotus Design and Development","FORGN","","","","","22: Profit organization","A: New assistance action","1900: STATE, DEPARTMENT OF","SNEATU11CA021","",61300,0,61300,"03/02/2011","03/01/2011","02/28/2012","05: Cooperative agreement","2: Individual action",": Current record","","00FORGN","","","TUN","","ZZ","Middle East Partnership Initiative (MEPI) ","STATE, DEPARTMENT OF","With a view to promoting economic development and job creation,  the implementer intends to create a service-site ?E-Khedma ? that will inter-connect","123456787","7","11","1037","","Residence fatma - Bloc A04 - Ouardi","2053 - Tunis","",0,0,2011,"00","f: For-Profit Organization","g","ZZ","1900: STATE, DEPARTMENT OF","NON","TUN","","00","",,"",,"",,"",,"",,6/16/2011
837D6B3B-2691-A7ED-BD36-77A1A615F15C,"active","","19.022","SAIEXEMPT","DIPLOMATIC AND CONSULAR PROGRAMS, STATE","IPSI","FORGN","","","","","20: Private higher education","A: New assistance action","1900: STATE, DEPARTMENT OF","STS80011CA043","",100000,0,100000,"08/08/2011","08/07/2013","08/07/2013","05: Cooperative agreement","2: Individual action",": Current record","","00FORGN","","","TUN","","","Educational and Cultural Exchange Programs Appropriation Overseas Grants","STATE, DEPARTMENT OF","The objective of this Cooperative Agreement is to strengthen the capacity of IPSI, Tunisia's primary school of journalism, to train the next generati","123456787","5","19","0113","","Director","Manouba University","",0,0,2011,"","h: Higher Education","g","","1900: STATE, DEPARTMENT OF","NON","TUN","","","",,"",,"",,"",,"",,9/3/2013
E63A8E73-9691-5708-2606-0DC4D14A5265,"active","20110","98.001","SAI NOT AVAILABLE","DEVELOPMENT ASSISTANCE, AGENCY FOR INTERNATIONAL DEVELOPMENT, FUNDS APPROPRIATED TO THE PRESIDENT","ASSOCIATION FOR THE DEVELOPMENT OF EDUCATION","FORGN","TUNIS","","","","25: All other","A: New assistance action","7200: AGENCY FOR INTERNATIONAL DEVELOPMENT","AIDAFRG000800003","0001",1000000,0,1000000,"07/30/2010","09/08/2008","08/31/2012","02: Block grant","2: Individual action","C: Current transaction record is a request to replace a previously submitted record that contained data submission errors. Record contains replacement (not delta) values for all data fields that contain submission errors.","20104","00FORGN","00","FORGN","ETH","","ZZ","USAID Foreign Assistance for Programs Overseas","AGENCY FOR INTERNATIONAL DEVELOPMENT","USAID ASSISTANCE","850492363","","72","1021","","13 RUE DU","","",0,0,2010,"00","o: Other","g","ZZ","7200: AGENCY FOR INTERNATIONAL DEVELOPMENT","NON","TUN","AID-AFR-G-00-08-00003-01","00","",,"",,"",,"",,"",,9/19/2011
4E0A3772-888F-9DCB-3A9B-E48955E5924C,"active","20101","19.022","SAIEXEMPT","EDUCATIONAL AND CULTURAL EXCHANGE PROGRAMS, STATE","AMIDEAST Tunis","FORGN","","","","","12: Other nonprofit","A: New assistance action","1900: STATE, DEPARTMENT OF","STS80010GR214","",20000,0,20000,"01/28/2010","01/02/2010","09/30/2010","04: Project grant","2: Individual action",": Current record","20102","00FORGN","","","TUN","","ZZ","Educational and Cultural Exchange Programs Appropriation Overseas Grants","STATE, DEPARTMENT OF","This grant will be used by Amideast in the framework of the Learn & Serve program to allow US students to take part in the MOEH's Language Village 20","362541789","","19","0209","","22  Rue Al Amine Al Abassi","","",0,0,2010,"00","n: Non-Profit Organization","g","ZZ","1900: STATE, DEPARTMENT OF","NON","TUN","","00","",,"",,"",,"",,"",,12/10/2010
F282194A-96CA-974D-2548-A729EF626B01,"active","","64.109","SAI EXEMPT","COMPENSATION AND PENSIONS, VETERANS BENEFITS ADMINISTRATION, VETERANS AFFAIRS","MULTIPLE RECIPIENTS","FORGN","","","","","21: Individual",": (none)","3640: UNDER SECRETARY FOR BENEFITS/VETERANS BENEFITS ADMINISTATION","VAVBASVCCOMPSEP2","013",7378,0,7378,"09/26/2013","","","10: Direct payment with unrestricted use (retirement, pension, veterans' benefits, etc.)","1: County aggregate",": Current record","","00FORGN","","","TUN","","","Veterans Compensation for Service-Connected Disability","UNDER SECRETARY FOR BENEFITS/VETERANS BENEFITS ADMINISTATION","","","","36","0102","","","","",0,0,2013,"","i: Individual","d","","3600: VETERANS AFFAIRS, DEPARTMENT OF","NON","TUN","6410920130909965","","",,"",,"",,"",,"",,10/21/2013
BF214587-D9E3-61F2-EEAB-E775203A87AD,"active","","64.109","SAI EXEMPT","COMPENSATION AND PENSIONS, VETERANS BENEFITS ADMINISTRATION, VETERANS AFFAIRS","MULTIPLE RECIPIENTS","FORGN","","","","","21: Individual",": (none)","3640: UNDER SECRETARY FOR BENEFITS/VETERANS BENEFITS ADMINISTATION","VAVBASVCCOMPJUL2","014",2396,0,2396,"07/29/2014","","","10: Direct payment with unrestricted use (retirement, pension, veterans' benefits, etc.)","1: County aggregate",": Current record","","00FORGN","","","TUN","","","Veterans Compensation for Service-Connected Disability","UNDER SECRETARY FOR BENEFITS/VETERANS BENEFITS ADMINISTATION","","","","36","0102","","","","",0,0,2014,"","i: Individual","d","","3600: VETERANS AFFAIRS, DEPARTMENT OF","NON","TUN","6410920140701715","","",,"",,"",,"",,"",,8/18/2014
6384EEB6-E1D7-DD5A-7EB6-61823FCDB731,"active","","64.109","SAI EXEMPT","COMPENSATION AND PENSIONS, VETERANS BENEFITS ADMINISTRATION, VETERANS AFFAIRS","MULTIPLE RECIPIENTS","FORGN","","","","","21: Individual",": (none)","3640: UNDER SECRETARY FOR BENEFITS/VETERANS BENEFITS ADMINISTATION","VAVBASVCCOMPMAY2","014",4792,0,4792,"05/28/2014","","","10: Direct payment with unrestricted use (retirement, pension, veterans' benefits, etc.)","1: County aggregate",": Current record","","00FORGN","","","TUN","","","Veterans Compensation for Service-Connected Disability","UNDER SECRETARY FOR BENEFITS/VETERANS BENEFITS ADMINISTATION","","","","36","0102","","","","",0,0,2014,"","i: Individual","d","","3600: VETERANS AFFAIRS, DEPARTMENT OF","NON","TUN","6410920140511616","","",,"",,"",,"",,"",,6/30/2014
8FD7FEB0-3986-AD4C-A941-60F2271BAF33,"active","","64.028","SAI EXEMPT","READJUSTMENT BENEFITS, VETERANS BENEFITS ADMINISTRATION, VETERANS AFFAIRS","MULTIPLE RECIPIENTS","FORGN","","","","","21: Individual",": (none)","3640: UNDER SECRETARY FOR BENEFITS/VETERANS BENEFITS ADMINISTATION","VAVBA911EDUCMAR2","014",875,0,875,"03/27/2014","","","10: Direct payment with unrestricted use (retirement, pension, veterans' benefits, etc.)","1: County aggregate",": Current record","","00FORGN","","","TUN","","","Post-9/11 Veterans Educational Assistance","UNDER SECRETARY FOR BENEFITS/VETERANS BENEFITS ADMINISTATION","","","","36","0137","","","","",0,0,2014,"","i: Individual","d","","3600: VETERANS AFFAIRS, DEPARTMENT OF","NON","TUN","6402820140302210","","",,"",,"",,"",,"",,4/18/2014
4F9F4C49-E754-B232-CC47-FC10EA20E5CD,"active","","19.021","SAIEXEMPT","EDUCATIONAL AND CULTURAL EXCHANGE PROGRAMS, STATE","AMIDEAST Tunis","FORGN","","","","","12: Other nonprofit","A: New assistance action","1900: STATE, DEPARTMENT OF","STS80013GR069","",46719,0,46719,"09/20/2013","09/30/2014","09/30/2014","04: Project grant","2: Individual action",": Current record","","00FORGN","","","TUN","","","Investing in People in The Middle East and North Africa","STATE, DEPARTMENT OF","This grant is awarded to Amideast to promote and improve English language teaching at Tunisian universities. Specifically, the MHESR intends to estab","074807124","5","19","0209","","Country Director","22, Rue Al Amine Al Abassi","",0,0,2013,"","n: Non-Profit Organization","g","","1900: STATE, DEPARTMENT OF","NON","TUN","","","",,"",,"",,"",,"",,10/25/2013
44CAA115-4CBC-8F0F-0A54-0A0023653E3A,"active","","19.021","SAIEXEMPT","EDUCATIONAL AND CULTURAL EXCHANGE PROGRAMS, STATE","AMIDEAST Tunis","FORGN","","","","","12: Other nonprofit","A: New assistance action","1900: STATE, DEPARTMENT OF","STS80013GR078","",85275,0,85275,"09/20/2013","09/30/2014","09/30/2014","04: Project grant","2: Individual action",": Current record","","00FORGN","","","TUN","","","Investing in People in The Middle East and North Africa","STATE, DEPARTMENT OF","This grant is awarded to Amideast to promote youth empowerment in Tunisian schools by coordinating teacher trainings and workshops to teach lessons t","074807124","5","19","0209","","Country Director","22, Rue Al Amine Al Abassi","",0,0,2013,"","n: Non-Profit Organization","g","","1900: STATE, DEPARTMENT OF","NON","TUN","","","",,"",,"",,"",,"",,10/25/2013
B2F8F441-C392-EFFD-E269-D47D872D3F3B,"active","","98.001","SAI NOT AVAILABLE","DEVELOPMENT ASSISTANCE, AGENCY FOR INTERNATIONAL DEVELOPMENT, FUNDS APPROPRIATED TO THE PRESIDENT","BAD","FORGN","TUNIS BELVEDERE","","","","25: All other","A: New assistance action","7200: AGENCY FOR INTERNATIONAL DEVELOPMENT","AIDBFSIO1300002","0001",10000000,0,10000000,"12/18/2013","08/06/2013","08/06/2018","04: Project grant","2: Individual action","L: Current record--unused code retained for backwards compatibility.","20141","00FORGN","00","FORGN","GHA","","","USAID Foreign Assistance for Programs Overseas","AGENCY FOR INTERNATIONAL DEVELOPMENT","AGRICULTURAL FAST TRACK FUND-PIO GRANT","557734957","","72","1021","","15, AVENUE DU GHANA","","",0,0,2014,"","o: Other","g","","7200: AGENCY FOR INTERNATIONAL DEVELOPMENT","NON","TUN","AID-BFS-IO-13-00002-01","","",,"",,"",,"",,"",,9/16/2014
BB4DD2F5-B4D7-1824-D20A-14C51F99D42D,"active","","64.109","SAI EXEMPT","COMPENSATION AND PENSIONS, VETERANS BENEFITS ADMINISTRATION, VETERANS AFFAIRS","MULTIPLE RECIPIENTS","FORGN","","","","","21: Individual",": (none)","3640: UNDER SECRETARY FOR BENEFITS/VETERANS BENEFITS ADMINISTATION","VAVBASVCCOMPJAN2","014",2372,0,2372,"01/29/2014","","","10: Direct payment with unrestricted use (retirement, pension, veterans' benefits, etc.)","1: County aggregate",": Current record","","00FORGN","","","TUN","","","Veterans Compensation for Service-Connected Disability","UNDER SECRETARY FOR BENEFITS/VETERANS BENEFITS ADMINISTATION","","","","36","0102","","","","",0,0,2014,"","i: Individual","d","","3600: VETERANS AFFAIRS, DEPARTMENT OF","NON","TUN","6410920140113925","","",,"",,"",,"",,"",,2/26/2014
21BE5736-42AB-E7E1-313D-9D3E4E53C5DA,"active","","64.028","SAI EXEMPT","READJUSTMENT BENEFITS, VETERANS BENEFITS ADMINISTRATION, VETERANS AFFAIRS","MULTIPLE RECIPIENTS","FORGN","","","","","21: Individual",": (none)","3640: UNDER SECRETARY FOR BENEFITS/VETERANS BENEFITS ADMINISTATION","VAVBA911EDUCSEP2","014",875,0,875,"09/26/2014","","","10: Direct payment with unrestricted use (retirement, pension, veterans' benefits, etc.)","1: County aggregate",": Current record","","00FORGN","","","TUN","","","Post-9/11 Veterans Educational Assistance","UNDER SECRETARY FOR BENEFITS/VETERANS BENEFITS ADMINISTATION","","","","36","0137","","","","",0,0,2014,"","i: Individual","d","","3600: VETERANS AFFAIRS, DEPARTMENT OF","NON","TUN","6402820140900839","","",,"",,"",,"",,"",,10/20/2014
B90DC200-02B8-732A-B05A-1CC583EBE7AC,"active","","19.500","SAIEXEMPT","","Association of Continuity of Generations","FORGN","","","","","25: All other","A: New assistance action","1900: STATE, DEPARTMENT OF","SNEATU14GR017","",60548,0,60548,"06/05/2014","09/01/2014","08/31/2015","04: Project grant","2: Individual action",": Current record","","00FORGN","","","TUN","","","Middle East Partnership Initiative","STATE, DEPARTMENT OF","This grant is awarded to the Association of Continuity of Generations (ACG) to train and empower 100 vulnerable Tunisian graduates","850548085","","11","1037","","Av.Hedi Nuira, Bellaaj Bulding, Flo","Sfax","",0,0,2014,"","o: Other","g","","1900: STATE, DEPARTMENT OF","NON","TUN","","","",,"",,"",,"",,"",,2/20/2015
06457BE4-5FAC-1D14-AF14-53E638E8C959,"active","20110","19.017","SAIEXEMPT","DIPLOMATIC AND CONSULAR PROGRAMS, STATE","TAFA","FORGN","","","","","25: All other","A: New assistance action","1900: STATE, DEPARTMENT OF","STS80010GR236","",1200,0,1200,"04/30/2010","04/30/2010","06/30/2010","04: Project grant","2: Individual action",": Current record","20103","00FORGN","","","TUN","","ZZ","Environmental and Scientific Partnerships and Programs","STATE, DEPARTMENT OF","This grant is awarded to the Tunisian American Friendhip Association to support the holding of the Tunisian American Friendship Day celebrated on May","951623874","","19","0113","","El Manar Garden","Rue Malaga","",0,0,2010,"00","o: Other","g","ZZ","1900: STATE, DEPARTMENT OF","NON","TUN","","00","",,"",,"",,"",,"",,2/4/2011
D993A78D-D4CC-815F-02EA-A257817AA547,"active","20110","93.855","SAI UNAVAILABLE","NATIONAL INSTITUTE OF ALLERGY AND INFECTIOUS DISEASES, NATIONA L INSTITUTE OF HEALTH","INSTITUT PASTEUR DE TUNIS","FORGN","TUNIS","","","","25: All other","B: Continuation (funding in succeeding budget period which stemmed from prior agreement to fund amount of the current action)","7529: NATIONAL INSTITUTES OF HEALTH","P50AI074178","000",442091,0,442091,"08/19/2011","08/15/2007","07/31/2012","04: Project grant","2: Individual action",": Current record","","","","TUNIS-BELEVEDERE","TUN","1002","00","Allergy, Immunology and Transplantation Research","NATIONAL INSTITUTES OF HEALTH","KEY DETERMINANTS OF THE NATURAL HISTORY OF LEISHMANIA MAJOR INFECTION","499250553","","75","0885","","13, PLACE PASTEUR BP74 TUNIS-BELVED","","",0,0,2011,"","o: Other","g","ZZ","7500: HEALTH AND HUMAN SERVICES, DEPARTMENT OF","NON","TUN","75-104-P50AI074178-000-5-2011-93855-75-0885-NON","00","",,"",,"",,"",,"",,9/6/2011
57533408-02E5-BBEF-A999-3E3C7191673E,"active","","19.021","SAIEXEMPT","FOREIGN MILITARY FINANCING PROGRAM, FUNDS APPROPRIATED TO THE PRESIDENT","Tunisian Scouts","FORGN","","","","","25: All other","A: New assistance action","1900: STATE, DEPARTMENT OF","STS80011GR057","",31000,0,31000,"09/13/2011","12/31/2011","12/31/2011","04: Project grant","2: Individual action",": Current record","","00FORGN","","","TUN","","","Investing in People in The Middle East and North Africa","STATE, DEPARTMENT OF","This grant is awarded to the Tunisian Scouts and Guides (SGT) to cover services and products related to the preparation for the implementation of the","123456787","5","11","1082","","14, Rue d'Autriche","Tunis","",0,0,2011,"","o: Other","g","","1900: STATE, DEPARTMENT OF","NON","TUN","","","",,"",,"",,"",,"",,9/3/2013
3B36C2E1-7C24-F609-FFBC-F4CBE852D08A,"active","","19.022","SAIEXEMPT","INTERNATIONAL MILITARY EDUCATION AND TRAINING, FUNDS APPROPRIATED TO THE PRESIDENT","Cultural Association for Guitar Fans","FORGN","","","","","25: All other","A: New assistance action","1900: STATE, DEPARTMENT OF","STS80011GR005","",100000,0,100000,"11/23/2010","03/21/2011","03/31/2011","04: Project grant","2: Individual action",": Current record","","00FORGN","","","TUN","","","Educational and Cultural Exchange Programs Appropriation Overseas Grants","STATE, DEPARTMENT OF","This Grant is provided to the Cultural Association for Guitar Fans (Association Culturelle des Fans de la Guitare ACFG) to cover costs of travel, hon","123456787","5","11","1081","","14, Avenue des toiles","El Menzah 8","2037 - Ariana",0,0,2011,"","o: Other","g","","1900: STATE, DEPARTMENT OF","NON","TUN","","","",,"",,"",,"",,"",,9/3/2013
70D4E5D8-8545-E83D-9700-8E962F704E4E,"active","20110","19.500","SAIEXEMPT","","Al Kawakibi Democracy Transition Center (KADE","FORGN","Tunis","","","","25: All other","C: Revision (any change in Federal Government's financial obligation or contingent liability in existing assistance transaction amount of the change in funding; or any change in Recipient Name, Recipient Address, Project Period or Project Scope)","1900: STATE, DEPARTMENT OF","SNEATU10GR056","002",54380,0,151581,"07/13/2011","07/01/2011","12/31/2012","04: Project grant","2: Individual action",": Current record","","00FORGN","","Tunis","TUN","","ZZ","Middle East Partnership Initiative (MEPI) ","STATE, DEPARTMENT OF","This project aims to consolidate the process of democracy transition through reinforcing local expertise on the electoral process. This objective wil","850461642","9","11","1037","","14, rue El Jahedh, El Menzah 1","","",0,0,2011,"00","o: Other","g","ZZ","1900: STATE, DEPARTMENT OF","NON","TUN","","00","",,"",,"",,"",,"",,8/20/2011
7C79B9BC-A5AA-169B-9FB3-3F20976E999C,"active","20110","19.500","SAIEXEMPT","","BG Zaafrani and Partners Law Firm","FORGN","Tunis","","","","22: Profit organization","C: Revision (any change in Federal Government's financial obligation or contingent liability in existing assistance transaction amount of the change in funding; or any change in Recipient Name, Recipient Address, Project Period or Project Scope)","1900: STATE, DEPARTMENT OF","SNEATU11GR060","001",0,0,0,"07/07/2011","05/25/2011","11/23/2011","04: Project grant","2: Individual action",": Current record","","00FORGN","","","TUN","","ZZ","Middle East Partnership Initiative (MEPI) ","STATE, DEPARTMENT OF","Additional information on Budget Line 01.02 to be read as "" Project Assistant: 125 USD / Per Month X 100 % of the time X 2 Project Assistantx X 6 Mon","123456787","","11","1037","","10 Rue Mohamed Ali Jneh","Belvedere","",0,0,2011,"00","f: For-Profit Organization","g","ZZ","1900: STATE, DEPARTMENT OF","NON","TUN","","00","",,"",,"",,"",,"",,8/20/2011
C2D6A777-B1D9-8CE5-A9D7-1A4A51F8FF2F,"active","20101","19.500","SAIEXEMPT","","Al Kawakibi Democracy Transition Center (KADE","FORGN","Tunis","","","","25: All other","A: New assistance action","1900: STATE, DEPARTMENT OF","SNEATU10GR056","",97201,0,97201,"09/30/2010","09/30/2010","01/31/2011","04: Project grant","2: Individual action",": Current record","20104","00FORGN","","Tunis","TUN","","ZZ","Middle East Partnership Initiative (MEPI) ","STATE, DEPARTMENT OF","This project aims to consolidate the process of democracy transition through reinforcing local expertise on the electoral process. This objective wil","850461642","","11","1037","","14  rue El Jahedh  El Menzah 1","","",0,0,2010,"00","o: Other","g","ZZ","1900: STATE, DEPARTMENT OF","NON","TUN","","00","",,"",,"",,"",,"",,11/4/2010
A570A92B-F4F1-014A-E524-DC2F42EAA0C3,"active","20101","19.401","SAIEXEMPT","EDUCATIONAL AND CULTURAL EXCHANGE PROGRAMS, STATE","Layola University  Chicago","FORGN","Chicago","","","","06: State controlled institution of higher education","A: New assistance action","1900: STATE, DEPARTMENT OF","STS80010GR205","",1829,0,1829,"12/17/2009","01/01/2010","01/31/2010","04: Project grant","2: Individual action",": Current record","20101","00FORGN","","Tunisia","TUN","","ZZ","Academic Exchange Programs - Scholars","STATE, DEPARTMENT OF","This grant will be used by Dr. Peter Shraeder  Professor  Graduate Program DirectorDepartment of Political Science at Loyola University  Chicago to t","321546897","","19","0209","","University of Layola","Chicago","Chicago",0,0,2010,"00","h: Higher Education","g","ZZ","1900: STATE, DEPARTMENT OF","NON","TUN","","00","",,"",,"",,"",,"",,12/10/2010
4853C7C4-296E-9E43-3949-200F9B3EFE2D,"active","","98.001","SAI NOT AVAILABLE","DEVELOPMENT ASSISTANCE, AGENCY FOR INTERNATIONAL DEVELOPMENT, FUNDS APPROPRIATED TO THE PRESIDENT","ASSOCIATION FOR THE DEVELOPME NT OF EDUCATION","FORGN","TUNIS","","","","25: All other","A: New assistance action","7200: AGENCY FOR INTERNATIONAL DEVELOPMENT","AIDAFRG000800003","0003",1000000,0,1000000,"09/27/2012","09/08/2008","09/30/2012","04: Project grant","2: Individual action","L: Current record--unused code retained for backwards compatibility.","20124","00FORGN","00","FORGN","TUN","","","USAID Foreign Assistance for Programs Overseas","AGENCY FOR INTERNATIONAL DEVELOPMENT","ASSISTANCE TO MINISTERS OF EDUCATION IN POLICY AND RESEARCH","850492363","","72","1021","","13 RUE DU","","",0,0,2012,"","o: Other","g","","7200: AGENCY FOR INTERNATIONAL DEVELOPMENT","NON","TUN","AID-AFR-G-00-08-00003-03","","",,"",,"",,"",,"",,9/9/2014
9BBC4CAB-0F97-69E1-5BB2-3C040CB95438,"active","","19.500","SAIEXEMPT","","Touensa","FORGN","","","","","25: All other","A: New assistance action","1900: STATE, DEPARTMENT OF","SNEATU12GR083","",129186,0,129186,"09/01/2012","09/01/2012","12/31/2013","04: Project grant","2: Individual action","C: Current transaction record is a request to replace a previously submitted record that contained data submission errors. Record contains replacement (not delta) values for all data fields that contain submission errors.","","00FORGN","","","TUN","","","Middle East Partnership Initiative (MEPI) ","STATE, DEPARTMENT OF","The NGO, Touensa, and its local partners aims to work together to implement their project entitled ?Bus Citoyen Project Phase II?. This collective of","123456787","7","11","1037","","63 rue de l'aroport","2036 Dar Fahdal - Ariana - Tunisie","",0,0,2012,"","o: Other","g","","1900: STATE, DEPARTMENT OF","NON","TUN","","","",,"",,"",,"",,"",,7/23/2014
4271A113-4E0D-D4B5-2A94-EA7E19E1677F,"active","","19.021","SAIEXEMPT","EDUCATIONAL AND CULTURAL EXCHANGE PROGRAMS, STATE","Centre des Jeunes Dirigeant (CJD)","FORGN","","","","","25: All other","A: New assistance action","1900: STATE, DEPARTMENT OF","STS80010GR265","",96000,0,96000,"04/03/2012","04/18/2013","10/21/2014","04: Project grant","2: Individual action","C: Current transaction record is a request to replace a previously submitted record that contained data submission errors. Record contains replacement (not delta) values for all data fields that contain submission errors.","","00FORGN","","","TUN","","","Investing in People in The Middle East and North Africa","STATE, DEPARTMENT OF","This Grant is provided to CJD in the framework of the S/Global Women Initiative to improve opportunities for business development, accelerate sustain","123456787","","19","0209","","Immeuble Yasmine, rue du lac Malare","Berges du lac","1053 Tunis",0,0,2012,"","o: Other","g","","1900: STATE, DEPARTMENT OF","NON","TUN","","","",,"",,"",,"",,"",,8/20/2014
5295EF3A-297F-0CAC-AF40-F0BE75EA5758,"active","","19.500","SAIEXEMPT","","Organisation Volont et Citoyennet (OVC)","FORGN","","","","","25: All other","A: New assistance action","1900: STATE, DEPARTMENT OF","SNEATU13GR029","",50264,0,50264,"03/21/2013","05/01/2013","06/30/2014","04: Project grant","2: Individual action","C: Current transaction record is a request to replace a previously submitted record that contained data submission errors. Record contains replacement (not delta) values for all data fields that contain submission errors.","","00FORGN","","","TUN","","","Middle East Partnership Initiative (MEPI) ","STATE, DEPARTMENT OF","The project ""My Destiny in My Hand"" aims at giving permanent help to destitute and socially-excluded women from 3 deep rural regions: Matmata, Wethre","123456787","","11","1037","","P.O. Box 167.","Gabes - 6000","",0,0,2013,"","o: Other","g","","1900: STATE, DEPARTMENT OF","NON","TUN","","","",,"",,"",,"",,"",,10/3/2014
7E834432-D972-8224-88A4-004E6C9D6A1A,"active","","93.283","SAI UNAVAILABLE","PUBLIC HEALTH AND SOCIAL SERVICES EMERGENCY FUND, OFFICE OF THE SECRETARY","INSTITUT PASTEUR DE TUNIS","FORGN","TUNIS","","","","12: Other nonprofit","A: New assistance action","7523: CENTERS FOR DISEASE CONTROL","U51IP000822","000",327500,0,327500,"08/30/2013","09/01/2013","08/31/2018","05: Cooperative agreement","2: Individual action",": Current record","","","","","","","","Centers for Disease Control and Prevention_Investigations and Technical Assistance ","CENTERS FOR DISEASE CONTROL","Strengthening the surveillance and control of Influenza program implemented in Tu","499250553","","75","0140","","13, PLACE PASTEUR BP74 TUNIS-BELVED","","",0,0,2013,"","n: Non-Profit Organization","g","","7500: HEALTH AND HUMAN SERVICES, DEPARTMENT OF","NON","TUN","75-197-U51IP000822-000-1-2013-93283-75-0140-NON","","",,"",,"",,"",,"",,4/21/2014
0A0467BF-364B-A46C-00A7-5287F096D998,"active","","64.109","SAI EXEMPT","COMPENSATION AND PENSIONS, VETERANS BENEFITS ADMINISTRATION, VETERANS AFFAIRS","MULTIPLE RECIPIENTS","FORGN","","","","","21: Individual",": (none)","3640: UNDER SECRETARY FOR BENEFITS/VETERANS BENEFITS ADMINISTATION","VAVBASVCCOMPAUG2","013",3074,0,3074,"08/28/2013","","","10: Direct payment with unrestricted use (retirement, pension, veterans' benefits, etc.)","1: County aggregate",": Current record","","00FORGN","","","TUN","","","Veterans Compensation for Service-Connected Disability","UNDER SECRETARY FOR BENEFITS/VETERANS BENEFITS ADMINISTATION","","","","36","0102","","","","",0,0,2013,"","i: Individual","d","","3600: VETERANS AFFAIRS, DEPARTMENT OF","NON","TUN","6410920130805681","","",,"",,"",,"",,"",,9/23/2013
73179822-858D-2F43-EC55-A6DE5F8DD54D,"active","","64.028","SAI EXEMPT","READJUSTMENT BENEFITS, VETERANS BENEFITS ADMINISTRATION, VETERANS AFFAIRS","MULTIPLE RECIPIENTS","FORGN","","","","","21: Individual",": (none)","3640: UNDER SECRETARY FOR BENEFITS/VETERANS BENEFITS ADMINISTATION","VAVBA911EDUCOCT2","014",875,0,875,"10/29/2014","","","10: Direct payment with unrestricted use (retirement, pension, veterans' benefits, etc.)","1: County aggregate",": Current record","","00FORGN","","","TUN","","","Post-9/11 Veterans Educational Assistance","UNDER SECRETARY FOR BENEFITS/VETERANS BENEFITS ADMINISTATION","","","","36","0137","","","","",0,0,2015,"","i: Individual","d","","3600: VETERANS AFFAIRS, DEPARTMENT OF","NON","TUN","6402820141002010","","",,"",,"",,"",,"",,11/20/2014
A660EE2E-2536-B216-679A-81B0850AA992,"active","","19.500","SAIEXEMPT","","INDIVIDUAL RECIPIENT","FORGN","","","","","21: Individual","A: New assistance action","1900: STATE, DEPARTMENT OF","SNEATU14GR034","",54885,0,54885,"09/17/2014","09/30/2014","06/30/2015","04: Project grant","2: Individual action","C: Current transaction record is a request to replace a previously submitted record that contained data submission errors. Record contains replacement (not delta) values for all data fields that contain submission errors.","","00FORGN","","","TUN","","","Middle East Partnership Initiative","STATE, DEPARTMENT OF","DESCRIPTION MASKED FOR PII purposes","","","11","1037","","","","",0,0,2014,"","i: Individual","g","","1900: STATE, DEPARTMENT OF","NON","TUN","","","",,"",,"",,"",,"",,2/5/2015
2CA89097-D333-AFB8-FF3C-A08579607129,"active","","64.028","SAI EXEMPT","READJUSTMENT BENEFITS, VETERANS BENEFITS ADMINISTRATION, VETERANS AFFAIRS","MULTIPLE RECIPIENTS","FORGN","","","","","21: Individual",": (none)","3640: UNDER SECRETARY FOR BENEFITS/VETERANS BENEFITS ADMINISTATION","VAVBA911EDUCDEC2","014",875,0,875,"12/29/2014","","","10: Direct payment with unrestricted use (retirement, pension, veterans' benefits, etc.)","1: County aggregate",": Current record","","00FORGN","","","TUN","","","Post-9/11 Veterans Educational Assistance","UNDER SECRETARY FOR BENEFITS/VETERANS BENEFITS ADMINISTATION","","","","36","0137","","","","",0,0,2015,"","i: Individual","d","","3600: VETERANS AFFAIRS, DEPARTMENT OF","NON","TUN","6402820141202810","","",,"",,"",,"",,"",,1/22/2015
C3B8117A-9023-1DF4-D360-9C6A5A11F0FB,"active","","64.028","SAI EXEMPT","READJUSTMENT BENEFITS, VETERANS BENEFITS ADMINISTRATION, VETERANS AFFAIRS","MULTIPLE RECIPIENTS","FORGN","","","","","21: Individual",": (none)","3640: UNDER SECRETARY FOR BENEFITS/VETERANS BENEFITS ADMINISTATION","VAVBA911EDUCJAN2","015",875,0,875,"01/28/2015","","","10: Direct payment with unrestricted use (retirement, pension, veterans' benefits, etc.)","1: County aggregate",": Current record","","00FORGN","","","TUN","","","Post-9/11 Veterans Educational Assistance","UNDER SECRETARY FOR BENEFITS/VETERANS BENEFITS ADMINISTATION","","","","36","0137","","","","",0,0,2015,"","i: Individual","d","","3600: VETERANS AFFAIRS, DEPARTMENT OF","NON","TUN","6402820150100024","","",,"",,"",,"",,"",,2/24/2015
1011727B-6728-2CC1-CA9D-8B667BED42B1,"active","","64.028","SAI EXEMPT","READJUSTMENT BENEFITS, VETERANS BENEFITS ADMINISTRATION, VETERANS AFFAIRS","MULTIPLE RECIPIENTS","FORGN","","","","","21: Individual",": (none)","3640: UNDER SECRETARY FOR BENEFITS/VETERANS BENEFITS ADMINISTATION","VAVBA911EDUCAPR2","014",875,0,875,"04/28/2014","","","10: Direct payment with unrestricted use (retirement, pension, veterans' benefits, etc.)","1: County aggregate",": Current record","","00FORGN","","","TUN","","","Post-9/11 Veterans Educational Assistance","UNDER SECRETARY FOR BENEFITS/VETERANS BENEFITS ADMINISTATION","","","","36","0137","","","","",0,0,2014,"","i: Individual","d","","3600: VETERANS AFFAIRS, DEPARTMENT OF","NON","TUN","6402820140400734","","",,"",,"",,"",,"",,5/22/2014
0DE61460-515F-06E4-8975-35D91290F90B,"active","","64.109","SAI EXEMPT","COMPENSATION AND PENSIONS, VETERANS BENEFITS ADMINISTRATION, VETERANS AFFAIRS","MULTIPLE RECIPIENTS","FORGN","","","","","21: Individual",": (none)","3640: UNDER SECRETARY FOR BENEFITS/VETERANS BENEFITS ADMINISTATION","VAVBASVCCOMPDEC2","013",751,0,751,"12/27/2013","","","10: Direct payment with unrestricted use (retirement, pension, veterans' benefits, etc.)","1: County aggregate",": Current record","","00FORGN","","","TUN","","","Veterans Compensation for Service-Connected Disability","UNDER SECRETARY FOR BENEFITS/VETERANS BENEFITS ADMINISTATION","","","","36","0102","","","","",0,0,2014,"","i: Individual","d","","3600: VETERANS AFFAIRS, DEPARTMENT OF","NON","TUN","6410920131211537","","",,"",,"",,"",,"",,1/24/2014
0E58164E-3907-5C3E-F920-0B0E5374025C,"active","","64.109","SAI EXEMPT","COMPENSATION AND PENSIONS, VETERANS BENEFITS ADMINISTRATION, VETERANS AFFAIRS","MULTIPLE RECIPIENTS","FORGN","","","","","21: Individual",": (none)","3640: UNDER SECRETARY FOR BENEFITS/VETERANS BENEFITS ADMINISTATION","VAVBASVCCOMPAUG2","014",4792,0,4792,"08/27/2014","","","10: Direct payment with unrestricted use (retirement, pension, veterans' benefits, etc.)","1: County aggregate",": Current record","","00FORGN","","","TUN","","","Veterans Compensation for Service-Connected Disability","UNDER SECRETARY FOR BENEFITS/VETERANS BENEFITS ADMINISTATION","","","","36","0102","","","","",0,0,2014,"","i: Individual","d","","3600: VETERANS AFFAIRS, DEPARTMENT OF","NON","TUN","6410920140804168","","",,"",,"",,"",,"",,9/23/2014
809FD331-2BCF-F3E5-480F-DFE35B8141A0,"active","","64.109","SAI EXEMPT","COMPENSATION AND PENSIONS, VETERANS BENEFITS ADMINISTRATION, VETERANS AFFAIRS","MULTIPLE RECIPIENTS","FORGN","","","","","21: Individual",": (none)","3640: UNDER SECRETARY FOR BENEFITS/VETERANS BENEFITS ADMINISTATION","VAVBASVCCOMPOCT2","013",2276,0,2276,"10/29/2013","","","10: Direct payment with unrestricted use (retirement, pension, veterans' benefits, etc.)","1: County aggregate",": Current record","","00FORGN","","","TUN","","","Veterans Compensation for Service-Connected Disability","UNDER SECRETARY FOR BENEFITS/VETERANS BENEFITS ADMINISTATION","","","","36","0102","","","","",0,0,2014,"","i: Individual","d","","3600: VETERANS AFFAIRS, DEPARTMENT OF","NON","TUN","6410920131012548","","",,"",,"",,"",,"",,11/22/2013
3209BCE7-EA9F-B06F-E8B3-81993C2694CA,"active","","64.028","SAI EXEMPT","READJUSTMENT BENEFITS, VETERANS BENEFITS ADMINISTRATION, VETERANS AFFAIRS","MULTIPLE RECIPIENTS","FORGN","","","","","21: Individual",": (none)","3640: UNDER SECRETARY FOR BENEFITS/VETERANS BENEFITS ADMINISTATION","VAVBA911EDUCMAY2","014",875,0,875,"05/28/2014","","","10: Direct payment with unrestricted use (retirement, pension, veterans' benefits, etc.)","1: County aggregate",": Current record","","00FORGN","","","TUN","","","Post-9/11 Veterans Educational Assistance","UNDER SECRETARY FOR BENEFITS/VETERANS BENEFITS ADMINISTATION","","","","36","0137","","","","",0,0,2014,"","i: Individual","d","","3600: VETERANS AFFAIRS, DEPARTMENT OF","NON","TUN","6402820140501206","","",,"",,"",,"",,"",,6/30/2014
4C310840-6E83-BEB2-015C-749A444D3DE6,"active","20100","93.855","SAI UNAVAILABLE","NATIONAL INSTITUTE OF ALLERGY AND INFECTIOUS DISEASES, NATIONA L INSTITUTE OF HEALTH","INSTITUT PASTEUR DE TUNIS","FORGN","TUNIS","","","","25: All other","B: Continuation (funding in succeeding budget period which stemmed from prior agreement to fund amount of the current action)","7529: NATIONAL INSTITUTES OF HEALTH","P50AI074178","000",494538,0,494538,"08/10/2010","08/15/2007","07/31/2012","04: Project grant","2: Individual action",": Current record","","","","TUNIS-BELEVEDERE","TUN","1002","ZZ","Allergy, Immunology and Transplantation Research","NATIONAL INSTITUTES OF HEALTH","KEY DETERMINANTS OF THE NATURAL HISTORY OF LEISHMANIA MAJOR INFECTION","499250553","","75","0885","","13  PLACE PASTEUR BP74 TUNIS-BELVED","","",0,0,2010,"","o: Other","g","ZZ","7500: HEALTH AND HUMAN SERVICES, DEPARTMENT OF","NON","TUN","75-104-P50AI074178-000-4-2010-93855-75-0885-NON","00","",,"",,"",,"",,"",,9/20/2010
59367BF8-F8AF-215C-B638-4FDE86FA82B8,"active","20110","19.411","SAIEXEMPT","EDUCATIONAL AND CULTURAL EXCHANGE PROGRAMS, STATE","AMIDEAST Tunis","FORGN","","","","","12: Other nonprofit","A: New assistance action","1900: STATE, DEPARTMENT OF","STS80010GR259","",20000,0,20000,"09/13/2010","09/13/2010","09/30/2011","04: Project grant","2: Individual action",": Current record","","00FORGN","","","TUN","","ZZ","EDUCATIONAL EXCHANGE-NIS SECONDARY SCHOOL INITIATIVE","STATE, DEPARTMENT OF","This grant will be used by AMIDEAST to lower the per student cost of the summer 2011 Learn & Serve Program that enables American undergraduates to ""L","362541789","5","19","0209","","22, Rue Al Amine Al Abassi","","",0,0,2010,"00","n: Non-Profit Organization","g","ZZ","1900: STATE, DEPARTMENT OF","NON","TUN","","00","",,"",,"",,"",,"",,6/3/2011
924693CD-E09B-3BCE-F2E8-5F60B934C1D0,"active","20110","19.009","SAIEXEMPT","DIPLOMATIC AND CONSULAR PROGRAMS, STATE","CEMAT","FORGN","","","","","25: All other","A: New assistance action","1900: STATE, DEPARTMENT OF","STS80010GR241","",40000,0,40000,"07/27/2010","09/15/2010","09/14/2012","04: Project grant","2: Individual action",": Current record","","00FORGN","","","TUN","","ZZ","Academic Exchange Programs - Undergraduate Programs","STATE, DEPARTMENT OF","This grant is provided to CEMAT to fund travel and research of  Tunisian students and scholars working on American Studies projects at American Unive","369852147","","19","0113","","19 bis,  Rue d'Angleterre","Tunis","",0,0,2010,"00","o: Other","g","ZZ","1900: STATE, DEPARTMENT OF","NON","TUN","","00","",,"",,"",,"",,"",,4/7/2011
B971E34F-704F-AF54-F96E-2F3838B44F46,"active","","19.500","SAIEXEMPT","","Association Forum des Sciences Sociales Appli","FORGN","","","","","25: All other","A: New assistance action","1900: STATE, DEPARTMENT OF","SNEATU12GR29","",174500,0,174500,"10/25/2011","10/01/2011","09/30/2012","04: Project grant","2: Individual action","C: Current transaction record is a request to replace a previously submitted record that contained data submission errors. Record contains replacement (not delta) values for all data fields that contain submission errors.","","00FORGN","","","TUN","","","Middle East Partnership Initiative (MEPI) ","STATE, DEPARTMENT OF","The Arab Democracy Barometer (ADB), created by the ASSF (The Applied Social Science Forum) with support of CERES (Centre des Â�tudes Â�conomiques et ","123456787","5","11","1037","","6 Rue de Damas","","Tunis",0,0,2012,"","o: Other","g","","1900: STATE, DEPARTMENT OF","NON","TUN","","","",,"",,"",,"",,"",,3/4/2014
A9801F18-1473-E01C-D545-89740D867504,"active","","19.500","SAIEXEMPT","","Institut Arabe des Chefs d'Entreprises (IACE)","FORGN","","","","","25: All other","A: New assistance action","1900: STATE, DEPARTMENT OF","SNEATU13GR054","",100874,0,100874,"08/29/2013","09/30/2013","09/29/2014","04: Project grant","2: Individual action",": Current record","","00FORGN","","","TUN","","","Middle East Partnership Initiative (MEPI) ","STATE, DEPARTMENT OF","TheIACE project's""Entrepreneurship Tent in Tunisian Coastal Cities"" supports Youth entrepreneurship and increases business start ups among young.","123456787","7","11","1037","","La Maison de l'Entreprise","Blvd Principal","1053 Les Berges du Lac",0,0,2013,"","o: Other","g","","1900: STATE, DEPARTMENT OF","NON","TUN","","","",,"",,"",,"",,"",,9/21/2013
DCDAFF77-F396-BE08-D5A7-3EBA29EE156D,"active","","19.021","SAIEXEMPT","EDUCATIONAL AND CULTURAL EXCHANGE PROGRAMS, STATE","AMIDEAST Tunis","FORGN","","","","","12: Other nonprofit","A: New assistance action","1900: STATE, DEPARTMENT OF","STS80013GR054","",38737,0,38737,"09/24/2013","09/30/2017","09/30/2017","04: Project grant","2: Individual action",": Current record","","00FORGN","","","TUN","","","Investing in People in The Middle East and North Africa","STATE, DEPARTMENT OF","This grant is awarded to AMIDEAST/Tunis to provide the top 30 Common Law master's degree students per year, for three years, with English language in","074807124","5","19","0209","","Country Director","22, Rue Al Amine Al Abassi","",0,0,2013,"","n: Non-Profit Organization","g","","1900: STATE, DEPARTMENT OF","NON","TUN","","","",,"",,"",,"",,"",,10/25/2013
2C61BC37-D4D7-6483-00E1-194D8D1CCC5F,"active","","19.500","SAIEXEMPT","","Center Mohamed Ali for research, Studies and","FORGN","","","","","25: All other","A: New assistance action","1900: STATE, DEPARTMENT OF","SNEATU13GR066","",74465,0,90699,"08/21/2013","10/01/2013","09/30/2014","04: Project grant","2: Individual action",": Current record","","00FORGN","","","TUN","","","Middle East Partnership Initiative (MEPI) ","STATE, DEPARTMENT OF","CEMAREF through this project seeks to empower 300 graduates from 3 regions (Tunis, Jendouba, Gabes) to enhance their professional integration.","123456787","","11","1037","","8,rue de l'Argentine 1002 Tunis Bel","","",0,0,2013,"","o: Other","g","","1900: STATE, DEPARTMENT OF","NON","TUN","","","",,"",,"",,"",,"",,9/21/2013
5943C54F-1377-2E89-4354-8D753A53DE20,"active","","19.021","SAIEXEMPT","EDUCATIONAL AND CULTURAL EXCHANGE PROGRAMS, STATE","CAPJC-African Center for Training of Journali","FORGN","","","","","25: All other","A: New assistance action","1900: STATE, DEPARTMENT OF","STS80013GR067","",29000,0,29000,"09/12/2013","09/30/2014","09/30/2014","11: Other reimbursable, contingent, intangible, or indirect financial assistance","2: Individual action",": Current record","","00FORGN","","","TUN","","","Investing in People in The Middle East and North Africa","STATE, DEPARTMENT OF","To permanently transfer/donate 20 new computers, 2 printers and computer programs/accessorie for the journalism training laboratory located at the Jo","123456787","","19","0209","","Director General","","",0,0,2013,"","o: Other","o","","1900: STATE, DEPARTMENT OF","NON","TUN","","","",,"",,"",,"",,"",,10/25/2013
B57C06D0-8300-D2C6-9F15-40E7031114A5,"active","20100","93.855","SAI UNAVAILABLE","NATIONAL INSTITUTE OF ALLERGY AND INFECTIOUS DISEASES, NATIONA L INSTITUTE OF HEALTH","INSTITUT PASTEUR DE TUNIS","FORGN","TUNIS","","","","25: All other","B: Continuation (funding in succeeding budget period which stemmed from prior agreement to fund amount of the current action)","7529: NATIONAL INSTITUTES OF HEALTH","P50AI074178","000",502715,0,502715,"09/23/2009","08/15/2007","07/31/2012","04: Project grant","2: Individual action","C: Current transaction record is a request to replace a previously submitted record that contained data submission errors. Record contains replacement (not delta) values for all data fields that contain submission errors.","","","","TUNIS-BELEVEDERE","TUN","1002","ZZ","Allergy, Immunology and Transplantation Research","NATIONAL INSTITUTES OF HEALTH","KEY DETERMINANTS OF THE NATURAL HISTORY OF LEISHMANIA MAJOR INFECTION","499250553","","75","0885","","13  PLACE PASTEUR BP74 TUNIS-BELVED","","",0,0,2009,"","o: Other","g","ZZ","7500: HEALTH AND HUMAN SERVICES, DEPARTMENT OF","NON","TUN","75-104-P50AI074178-000-3-2009-93855-75-0885-NON","00","",,"",,"",,"",,"",,9/20/2010
63680440-8746-DD15-979C-66E5B3DF42FE,"active","20120","19.021","SAIEXEMPT","EDUCATIONAL AND CULTURAL EXCHANGE PROGRAMS, STATE","AMIDEAST Tunis","FORGN","","","","","12: Other nonprofit","A: New assistance action","1900: STATE, DEPARTMENT OF","STS80011GR062","",50000,0,50000,"09/15/2011","09/30/2012","09/30/2012","04: Project grant","2: Individual action",": Current record","","00FORGN","","","TUN","","ZZ","Investing in People in The Middle East and North Africa","STATE, DEPARTMENT OF","This grant is awarded to AMIDEAST Tunis to organize an education USA advertising campaign, increase the number of outreach visits in the country, esp","074807124","","19","0209","","22, rue Lamine El Abassi","Cit¿¿ Jardins","",0,0,2011,"00","n: Non-Profit Organization","g","ZZ","1900: STATE, DEPARTMENT OF","NON","TUN","","00","",,"",,"",,"",,"",,2/22/2012
BB29C80C-7E4B-63B5-04A2-21AE8129651A,"active","","19.021","SAIEXEMPT","EDUCATIONAL AND CULTURAL EXCHANGE PROGRAMS, STATE","CEMAT","FORGN","","","","","12: Other nonprofit","A: New assistance action","1900: STATE, DEPARTMENT OF","STS80011GR051","",25000,0,25000,"08/29/2011","09/30/2012","09/30/2012","04: Project grant","2: Individual action",": Current record","","00FORGN","","","TUN","","","Investing in People in The Middle East and North Africa","STATE, DEPARTMENT OF","This grant is provided to CEMAT to cover travel, perdiem and honoraria for visiting American speakers to lecture at various venues throughout Tunisia","123456787","5","19","0209","","19 bis,  Rue d'Angleterre","Tunis","",0,0,2011,"","n: Non-Profit Organization","g","","1900: STATE, DEPARTMENT OF","NON","TUN","","","",,"",,"",,"",,"",,9/3/2013
FF40B876-E54A-F57E-AE59-1F2E9839481B,"active","20120","19.021","SAIEXEMPT","INTERNATIONAL DISASTER ASSISTANCE, FUNDS APPROPRIATED TO THE PRESIDENT, US AGENCY FOR INTERNATIONAL DEVELOPMENT","Tunisian Red Crescent","FORGN","","","","","25: All other","A: New assistance action","1900: STATE, DEPARTMENT OF","STS80011GR016","",50000,0,50000,"03/03/2011","03/03/2011","09/30/2011","04: Project grant","2: Individual action","C: Current transaction record is a request to replace a previously submitted record that contained data submission errors. Record contains replacement (not delta) values for all data fields that contain submission errors.","","00FORGN","","","TUN","","ZZ","Investing in People in The Middle East and North Africa","STATE, DEPARTMENT OF","This grant is awarded to the Tunisian Red Crescent Society to support Emergency Disaster Relief Programs and provision of basic non-food subsistence","123456787","5","72","1035","","Secretary General","19, Rue d'Angleterre","19, Rue d'Angleterre",0,0,2011,"00","o: Other","g","ZZ","1900: STATE, DEPARTMENT OF","NON","TUN","","00","",,"",,"",,"",,"",,1/20/2012
6B5BE9D9-B668-AD87-1BAC-F12A3F49D167,"active","20120","19.500","SAIEXEMPT","","Mosaic of Arts in Nasrallah (MAN)","FORGN","Kairouan","","","","25: All other","A: New assistance action","1900: STATE, DEPARTMENT OF","SNEATU11GR108","",196928,0,227009,"05/15/2011","11/14/2011","11/14/2011","04: Project grant","2: Individual action",": Current record","","00FORGN","","","TUN","","ZZ","Middle East Partnership Initiative (MEPI) ","STATE, DEPARTMENT OF","Mosaic of Arts in Nasrallah (MAN)through its project entitled ?Participate ?Sharik? in Tunisia will carry out a voter education campaign that aims to","123456787","","11","1037","","Youth Observatory for Democracy (YO","","",0,0,2011,"00","o: Other","g","ZZ","1900: STATE, DEPARTMENT OF","NON","TUN","","00","",,"",,"",,"",,"",,1/5/2012
8C5BC91A-4756-610A-05BC-C3C386CBB0C0,"active","20110","19.500","SAIEXEMPT","","Club UNESCO","FORGN","","","","","25: All other","A: New assistance action","1900: STATE, DEPARTMENT OF","SNEATU11GR015","",143450,0,143450,"02/15/2011","03/01/2011","02/28/2012","04: Project grant","2: Individual action",": Current record","","00FORGN","","","TUN","","ZZ","Middle East Partnership Initiative (MEPI) ","STATE, DEPARTMENT OF","A coalition of two Maghrebian NGOs (Montada Mouwatana a Moroccan based NGO and Club UNESCO Bardo) will implement a project entitled: Strengthen civic","123456787","5","11","1037","","13, rue des Marguerites","Cite Ezzouhour - 2052 Tunis","",0,0,2011,"00","o: Other","g","ZZ","1900: STATE, DEPARTMENT OF","NON","TUN","","00","",,"",,"",,"",,"",,6/16/2011
1621C0C1-E8E3-2B25-57BE-32F751FF63FA,"active","20120","19.500","SAIEXEMPT","","Club Culturel Ali Belhouane","FORGN","","","","","25: All other","A: New assistance action","1900: STATE, DEPARTMENT OF","SNEATU11GR109","",63719,0,63719,"07/20/2011","08/12/2011","10/20/2011","04: Project grant","2: Individual action",": Current record","","00FORGN","","","TUN","","ZZ","Middle East Partnership Initiative (MEPI) ","STATE, DEPARTMENT OF","The Tunisian NGO Club Culturel Ali Belhouane through its project entitled ""Democracy in Action Project: Our Vote is Our Voice!"" aims to encourage you","123456787","7","11","1037","","31 Rue de Palestine","1002 Tunis Belbedere","Tunis",0,0,2011,"00","o: Other","g","ZZ","1900: STATE, DEPARTMENT OF","NON","TUN","","00","",,"",,"",,"",,"",,3/27/2012
F060BF62-BEBB-16CA-ADFA-73F0E3150FA3,"active","20110","19.500","SAIEXEMPT","","Tunisian American Association for Management","FORGN","","","","","25: All other","A: New assistance action","1900: STATE, DEPARTMENT OF","SNEATU11GR090","",44092,0,44092,"06/24/2011","06/15/2011","06/14/2012","04: Project grant","2: Individual action","C: Current transaction record is a request to replace a previously submitted record that contained data submission errors. Record contains replacement (not delta) values for all data fields that contain submission errors.","","00FORGN","","Tunis","TUN","2073","ZZ","Middle East Partnership Initiative (MEPI) ","STATE, DEPARTMENT OF","The Tunisian American Association for Management Studies (TAAMS) through its project entitled ""Step by Step Towards Democracy"" aims to create a Tunis","123456787","7","11","1037","","42 Rue iles des Comores 2073 - Borj","","",0,0,2011,"00","o: Other","g","ZZ","1900: STATE, DEPARTMENT OF","NON","TUN","","00","",,"",,"",,"",,"",,9/21/2011
80826B55-8A54-DF7F-32CE-02EA68042B7A,"active","20110","19.021","SAIEXEMPT","INTERNATIONAL DISASTER ASSISTANCE, FUNDS APPROPRIATED TO THE PRESIDENT, US AGENCY FOR INTERNATIONAL DEVELOPMENT","Tunisian Red Crescent","FORGN","","","","","25: All other","A: New assistance action","1900: STATE, DEPARTMENT OF","STS80011GR012","",50000,0,50000,"01/25/2011","01/24/2011","09/30/2011","04: Project grant","2: Individual action",": Current record","","00FORGN","","","TUN","","ZZ","Investing in People in The Middle East and North Africa","STATE, DEPARTMENT OF","This grant is awarded to the Tunisian Red Crescent Society to support Emergency Disaster Relief Programs and provision of basic non-food subsistence","123456787","","72","1035","","Secretary General","19, Rue d'Angleterre","1000 Tunis",0,0,2011,"00","o: Other","g","ZZ","1900: STATE, DEPARTMENT OF","NON","TUN","","00","",,"",,"",,"",,"",,3/23/2011
BFCBC7FC-7D9F-BD2B-CA47-FEC37ED80B6B,"active","","19.600","SAIEXEMPT","","Tunis Chamber of Commerce","FORGN","","","","","25: All other","A: New assistance action","1900: STATE, DEPARTMENT OF","STS80012GR106","",250000,0,250000,"09/26/2012","01/15/2013","01/14/2015","04: Project grant","2: Individual action","C: Current transaction record is a request to replace a previously submitted record that contained data submission errors. Record contains replacement (not delta) values for all data fields that contain submission errors.","","00FORGN","","","TUN","","","Bureau of Near Eastern Affairs","STATE, DEPARTMENT OF","Create a platform for e-business and banking","123456787","","11","1037","","31 Avenue de Paris 1000 Tunis","","",0,0,2012,"","o: Other","g","","1900: STATE, DEPARTMENT OF","NON","TUN","","","",,"",,"",,"",,"",,12/19/2014
6DA074DE-0170-D6B4-98F6-8EAE98821E43,"active","","19.500","SAIEXEMPT","","Tunisian Institute for Democracy and Developm","FORGN","","","","","25: All other","A: New assistance action","1900: STATE, DEPARTMENT OF","SNEATU14GR020","",258585,0,258585,"07/24/2014","08/01/2014","04/30/2015","04: Project grant","2: Individual action",": Current record","","00FORGN","","","TUN","","","Middle East Partnership Initiative","STATE, DEPARTMENT OF","aims to promote active participation of youth and women living in the rural areas in the following governorates: Tunis","850554517","","11","1037","","105 avenue 20 mars bardo -","Tunis 2000 - TUNISIA","0021671513870",0,0,2014,"","o: Other","g","","1900: STATE, DEPARTMENT OF","NON","TUN","","","",,"",,"",,"",,"",,2/20/2015
E9C7A7FC-72E6-34F9-BD80-1DF31750DB0C,"active","","64.109","SAI EXEMPT","","MULTIPLE RECIPIENTS","FORGN","","nul","","","21: Individual",": (none)","3640: UNDER SECRETARY FOR BENEFITS/VETERANS BENEFITS ADMINISTATION","VAVBASVCCOMPDEC2","014",1643,0,1643,"12/29/2014","","","10: Direct payment with unrestricted use (retirement, pension, veterans' benefits, etc.)","1: County aggregate",": Current record","","00FORGN","","","TUN","","","Veterans Compensation for Service-Connected Disability","UNDER SECRETARY FOR BENEFITS/VETERANS BENEFITS ADMINISTATION","","","","36","0102","","","","",0,0,2015,"","i: ","d","","3600: VETERANS AFFAIRS, DEPARTMENT OF","NON","TUN","6410920141202986","","",,"",,"",,"",,"",,3/4/2015
BAF85ACB-20DD-E162-B200-DFFA23F18B81,"active","","64.109","SAI EXEMPT","COMPENSATION AND PENSIONS, VETERANS BENEFITS ADMINISTRATION, VETERANS AFFAIRS","MULTIPLE RECIPIENTS","FORGN","","","","","21: Individual",": (none)","3640: UNDER SECRETARY FOR BENEFITS/VETERANS BENEFITS ADMINISTATION","VAVBASVCCOMPNOV2","013",4552,0,4552,"11/26/2013","","","10: Direct payment with unrestricted use (retirement, pension, veterans' benefits, etc.)","1: County aggregate",": Current record","","00FORGN","","","TUN","","","Veterans Compensation for Service-Connected Disability","UNDER SECRETARY FOR BENEFITS/VETERANS BENEFITS ADMINISTATION","","","","36","0102","","","","",0,0,2014,"","i: Individual","d","","3600: VETERANS AFFAIRS, DEPARTMENT OF","NON","TUN","6410920131107209","","",,"",,"",,"",,"",,12/23/2013
