unique_transaction_id,transaction_status,fyq,cfda_program_num,sai_number,account_title,recipient_name,recipient_city_code,recipient_city_name,recipient_county_code,recipient_county_name,recipient_zip,recipient_type,action_type,agency_code,federal_award_id,federal_award_mod,fed_funding_amount,non_fed_funding_amount,total_funding_amount,obligation_action_date,starting_date,ending_date,assistance_type,record_type,correction_late_ind,fyq_correction,principal_place_code,principal_place_state,principal_place_cc,principal_place_country_code,principal_place_zip,principal_place_cd,cfda_program_title,agency_name,project_description,duns_no,duns_conf_code,progsrc_agen_code,progsrc_acnt_code,progsrc_subacnt_code,receip_addr1,receip_addr2,receip_addr3,face_loan_guran,orig_sub_guran,fiscal_year,principal_place_state_code,recip_cat_type,asst_cat_type,recipient_cd,maj_agency_cat,rec_flag,recipient_country_code,uri,recipient_state_code,exec1_fullname,exec1_amount,exec2_fullname,exec2_amount,exec3_fullname,exec3_amount,exec4_fullname,exec4_amount,exec5_fullname,exec5_amount,last_modified_date
317F26A8-A55C-FB84-F83D-48B2BA201846,"active","20101","19.022","SAIEXEMPT","DIPLOMATIC AND CONSULAR PROGRAMS, STATE","CHEN LO","25562","Fredericksburg (Alpin","003","Alpine","653002874","12: Other nonprofit","A: New assistance action","1900: STATE, DEPARTMENT OF","STS80010GR221","",2800,0,2800,"03/18/2010","03/18/2010","05/21/2010","04: Project grant","2: Individual action",": Current record","20102","0625562","California","Fredericksburg (Alpine)","","653002874","ZZ","Educational and Cultural Exchange Programs Appropriation Overseas Grants","STATE, DEPARTMENT OF","This grant will be used by Chen Lo and the Liberation Family travelling to Tunisia within the framework of Rhythm Road.  The musicians will perform a","639258417","","19","0113","","Jazz and Lincoln Center","Frederick P. Rose Hall","Brodway at 60th Street",0,0,2010,"CA","n: Non-Profit Organization","g","ZZ","1900: STATE, DEPARTMENT OF","NON","","","CA","",,"",,"",,"",,"",,12/10/2010
113E6BE5-D52E-9273-0874-3E90AF26F5F4,"active","","19.500","SAIEXEMPT","","The Carter Center","04000","Atlanta (DeKalb)","089","DeKalb","205201467","12: Other nonprofit","A: New assistance action","1900: STATE, DEPARTMENT OF","SNEAPI11CA335","",1651115,0,1651115,"06/29/2011","07/01/2011","02/28/2012","05: Cooperative agreement","2: Individual action",": Current record","","00FORGN","","","TUN","","","Middle East Partnership Initiative (MEPI) ","STATE, DEPARTMENT OF","Award conducts international electoral and political observation to support a peaceful democratic transition in Tunisia.","157738295","10","11","1037","","453 Freedom Parkway","","",0,0,2011,"","n: Non-Profit Organization","g","","1900: STATE, DEPARTMENT OF","NON","","","GA","",,"",,"",,"",,"",,11/1/2012
C31E042B-1EE8-AC90-B856-F6D2A593FBCC,"active","20110","19.500","SAIEXEMPT","","Education for Employment Foundation","50000","Washington (District","001","District of Columbia","200015303","12: Other nonprofit","A: New assistance action","1900: STATE, DEPARTMENT OF","SNEAPI11CA330","",1450341,0,1450341,"04/08/2011","05/01/2011","04/30/2013","05: Cooperative agreement","2: Individual action",": Current record","","00FORGN","","","TUN","","ZZ","Middle East Partnership Initiative (MEPI) ","STATE, DEPARTMENT OF","""Supporting Civic Responsibility and Privete Sector Job Creation in Tunisia""  EEF will expand the Supporting Civic Responsibility and Private Sector","169719957","10","11","1037","","624 Ninth Street, NW Suite 222","","",0,0,2011,"00","n: Non-Profit Organization","g","00","1900: STATE, DEPARTMENT OF","NON","","","DC","",,"",,"",,"",,"",,5/5/2011
0C1AF2CC-5212-CBDE-0817-797259765BBB,"active","20110","19.500","SAIEXEMPT","","Solidarity Center","50000","WASHINGTON","001","District of Columbia","200064117","12: Other nonprofit","C: Revision (any change in Federal Government's financial obligation or contingent liability in existing assistance transaction amount of the change in funding; or any change in Recipient Name, Recipient Address, Project Period or Project Scope)","1900: STATE, DEPARTMENT OF","SNEAPI11CA322","1",24549,0,1991444,"07/01/2011","05/15/2011","05/14/2013","05: Cooperative agreement","2: Individual action",": Current record","","00FORGN","","","TUN","","ZZ","Middle East Partnership Initiative (MEPI) ","STATE, DEPARTMENT OF","AWARD TITLE:  Promoting Freedom of Association through Independent, Democratic Trade Unions in Algeria and Tunisia/Purpose:  Solidarity Center will i","036739019","10","11","1037","","888 16th Street NW, Suite 400","","",0,0,2011,"00","n: Non-Profit Organization","g","00","1900: STATE, DEPARTMENT OF","NON","","","DC","",,"",,"",,"",,"",,8/20/2011
87E268B4-DECD-C82D-1A25-46451E42ED80,"active","20110","19.500","SAIEXEMPT","","Education for Employment Foundation","50000","Washington (District","001","District of Columbia","200015303","12: Other nonprofit","C: Revision (any change in Federal Government's financial obligation or contingent liability in existing assistance transaction amount of the change in funding; or any change in Recipient Name, Recipient Address, Project Period or Project Scope)","1900: STATE, DEPARTMENT OF","SNEAPI11CA330","2",300000,0,2087008,"07/24/2011","05/01/2011","04/30/2014","05: Cooperative agreement","2: Individual action","C: Current transaction record is a request to replace a previously submitted record that contained data submission errors. Record contains replacement (not delta) values for all data fields that contain submission errors.","","00FORGN","","","TUN","","ZZ","Middle East Partnership Initiative (MEPI) ","STATE, DEPARTMENT OF","""Supporting Civic Responsibility and Privete Sector Job Creation in Tunisia""  EEF will expand the Supporting Civic Responsibility and Private Sector","169719957","10","11","1037","","624 Ninth Street, NW Suite 222","","",0,0,2011,"00","n: Non-Profit Organization","g","00","1900: STATE, DEPARTMENT OF","NON","","","DC","",,"",,"",,"",,"",,9/21/2011
304A8252-9926-CF2D-32D6-85F620B8735D,"active","","19.012","SAIEXEMPT","DIPLOMATIC AND CONSULAR PROGRAMS, STATE","Remarkable Current","53000","Oakland (Alameda)","001","Alameda","094606000","22: Profit organization","A: New assistance action","1900: STATE, DEPARTMENT OF","STS80011GR027","",33900,0,33900,"05/13/2011","05/11/2011","06/30/2011","04: Project grant","2: Individual action",": Current record","","00FORGN","","","TUN","","","Professional and Cultural Exchange Programs - Special Professional and Cultural Programs","STATE, DEPARTMENT OF","This grant is awarded to the American Hip Hop band Remarkable Current travelling to Tunisia to conduct a series of workshops with Tunisian peers and","964055011","5","19","0113","","1426 3rd Ave. #2, Oakland","CA 94606","",0,0,2011,"","f: For-Profit Organization","g","","1900: STATE, DEPARTMENT OF","NON","","","CA","",,"",,"",,"",,"",,10/2/2012
594174F0-8CBE-EC27-652B-7B7976C488A0,"active","20110","19.345","SAIEXEMPT","DEMOCRACY FUND, STATE","No Peace Without Justice","FORGN","Rome","","","","12: Other nonprofit","A: New assistance action","1900: STATE, DEPARTMENT OF","SLMAQM11GR606","",742574,0,742574,"09/07/2011","09/07/2011","09/30/2013","04: Project grant","2: Individual action",": Current record","","00FORGN","","","TUN","","ZZ","International Programs to Support Democracy, Human Rights and Labor","STATE, DEPARTMENT OF","Transitional Justice, Accountability & Reconciliationin Tunisia","178677493","","19","1121","","Via di Torre Argentina 76","","",0,0,2011,"00","n: Non-Profit Organization","g","ZZ","1900: STATE, DEPARTMENT OF","NON","ITA","","00","",,"",,"",,"",,"",,9/21/2011
751B8432-5C14-22ED-9AEE-077AD7219980,"active","20111","19.500","SAIEXEMPT","","Institut Arabe des Chefs d'Entreprises (IACE)","FORGN","","","","","25: All other","A: New assistance action","1900: STATE, DEPARTMENT OF","SNEATU12GR005","",194500,0,194500,"12/29/2011","01/01/2012","12/31/2012","04: Project grant","2: Individual action",": Current record","","00FORGN","","","TUN","","ZZ","Middle East Partnership Initiative (MEPI) ","STATE, DEPARTMENT OF","This project aims to increase entrepreneurship in targeted poor regions in Tunisia. At first, a team of American university students will work closel","123456787","","11","1037","","La Maison de l'Entreprise","avenue principale","1053 Les Berges du Lac",0,0,2012,"00","o: Other","g","ZZ","1900: STATE, DEPARTMENT OF","NON","TUN","","00","",,"",,"",,"",,"",,12/21/2011
5C30F327-1CE7-86C0-AA5B-DED756D22F90,"active","20120","19.500","SAIEXEMPT","","Centre des Jeunes Dirigeants (CJD)","FORGN","","","","","25: All other","A: New assistance action","1900: STATE, DEPARTMENT OF","SNEATU12GR015","",164948,0,183275,"12/01/2011","10/31/2012","10/31/2012","04: Project grant","2: Individual action",": Current record","","00FORGN","","Tunis","TUN","","ZZ","Middle East Partnership Initiative (MEPI) ","STATE, DEPARTMENT OF","Tunisian Young Entrepreneurs / Centre des Jeunes Dirigeants (CJD) through the project entitled ?Intellectual Property Rights Campaign? in Tunisia wil","123456787","","11","1037","","Imm. Yasmine  Rue du Lac Malaren","Les Berges du Lac","",0,0,2012,"00","o: Other","g","ZZ","1900: STATE, DEPARTMENT OF","NON","TUN","","00","",,"",,"",,"",,"",,1/5/2012
E7CE9003-77E0-9373-F84E-08DEA08D04BF,"active","","19.500","SAIEXEMPT","","International Youth Foundation","04000","Baltimore (Baltimore","510","Baltimore","212027503","12: Other nonprofit","A: New assistance action","1900: STATE, DEPARTMENT OF","SNEAPI12CA005","",1900000,0,1900000,"03/20/2012","04/01/2012","03/31/2014","05: Cooperative agreement","2: Individual action",": Current record","","00FORGN","","","TUN","","","Middle East Partnership Initiative (MEPI) ","STATE, DEPARTMENT OF","The Tunisia Works Program will build the capacity of local organizations and institutions to support high quality youth employment and entrepreneursh","620847210","","11","1037","","32 South Street","Suite 500","",0,0,2012,"00","n: Non-Profit Organization","g","","1900: STATE, DEPARTMENT OF","NON","","","MD","",,"",,"",,"",,"",,4/12/2012
41320FC2-D35D-91D6-CBF1-B51377637E33,"active","","98.001","SAI NOT AVAILABLE","ECONOMIC SUPPORT FUND, FUNDS APPROPRIATED TO THE PRESIDENT","SMALL ENTERPRISE ASSISTANCE FUNDS","50000","WASHINGTON","110","District of Columbia","200051209","12: Other nonprofit","A: New assistance action","7200: AGENCY FOR INTERNATIONAL DEVELOPMENT","AIDOAAA1200046","0000",2900000,0,2900000,"09/06/2012","09/17/2012","09/16/2015","05: Cooperative agreement","2: Individual action",": Current record","","00FORGN","00","FORGN","TUN","","","USAID Foreign Assistance for Programs Overseas","AGENCY FOR INTERNATIONAL DEVELOPMENT","TUNISIA ICT, ENTREPRENEURSHIP, TIP","938963295","","72","1037","","1500 K ST NW STE 375","SUITE 1101","",0,0,2012,"","n: Non-Profit Organization","g","","7200: AGENCY FOR INTERNATIONAL DEVELOPMENT","NON","USA","AID-OAA-A-12-00046-00","DC","",,"",,"",,"",,"",,9/24/2012
26BF9268-E196-3582-B04F-CC7098C7DA7E,"active","20110","19.500","SAIEXEMPT","","BG Zaafrani and Partners Law Firm","FORGN","Tunis","","","","22: Profit organization","A: New assistance action","1900: STATE, DEPARTMENT OF","SNEATU11GR060","",33988,0,33988,"05/25/2011","05/24/2011","11/23/2011","04: Project grant","2: Individual action",": Current record","","00FORGN","","","TUN","","ZZ","Middle East Partnership Initiative (MEPI) ","STATE, DEPARTMENT OF","This grant is awarded to BG. Zaafrani & Partners Law Firm (BG) to support the project entitled ?For a Better Future, For a Better Tunisia. Let?s Vote","123456787","","11","1037","","10 Rue Mohamed Ali Jneh","Belvedere","",0,0,2011,"00","f: For-Profit Organization","g","ZZ","1900: STATE, DEPARTMENT OF","NON","TUN","","00","",,"",,"",,"",,"",,6/30/2011
D1150E62-48EE-C59D-BF1C-BD33F95F4D5F,"active","","19.600","SAIEXEMPT","","SIFE (Students In Free Enterprise)","70000","Springfield (Greene)","077","Greene","658031033","12: Other nonprofit","A: New assistance action","1900: STATE, DEPARTMENT OF","STS80012GR104","",100000,0,213000,"09/25/2012","10/01/2012","09/30/2013","04: Project grant","2: Individual action",": Current record","","00FORGN","","","TUN","","","Bureau of Near Eastern Affairs (NEA)","STATE, DEPARTMENT OF","Support continued enterprise development in Tunisia (with special emphasis on participants from regions outside of Tunis)","174152546","8","11","1037","","1959 East Kerr Street, Springfield,","","",0,0,2012,"","n: Non-Profit Organization","g","","1900: STATE, DEPARTMENT OF","NON","","","MO","",,"",,"",,"",,"",,9/21/2013
690D7BD2-C0CC-65E1-A8DF-27A249EA4EB9,"active","20110","19.700","SAIEXEMPT","MIGRATION AND REFUGEE ASSISTANCE, STATE","WORLD HEALTH ORGANIZATION","FORGN","","","","","25: All other","A: New assistance action","1900: STATE, DEPARTMENT OF","SPRMCO11VC056","",300000,0,300000,"06/10/2011","01/01/2011","12/31/2011","11: Other reimbursable, contingent, intangible, or indirect financial assistance","2: Individual action",": Current record","","00FORGN","","","TUN","","ZZ","General Department of State Assistance","STATE, DEPARTMENT OF","Emergency Health Response in Tunisia","480997543","","19","1143","","20 Avenue Appia, CH 1211","Geneva","",0,0,2011,"00","o: Other","o","ZZ","1900: STATE, DEPARTMENT OF","NON","CHE","","00","",,"",,"",,"",,"",,8/6/2011
898DA505-B093-550B-260A-474AE74B7B9E,"active","","19.500","SAIEXEMPT","","Freedom House","50000","Washington (District","001","District of Columbia","200361815","12: Other nonprofit","C: Revision (any change in Federal Government's financial obligation or contingent liability in existing assistance transaction amount of the change in funding; or any change in Recipient Name, Recipient Address, Project Period or Project Scope)","1900: STATE, DEPARTMENT OF","SNEAPI10CA315","004",115084,0,815054,"04/14/2012","05/15/2011","10/14/2012","05: Cooperative agreement","2: Individual action",": Current record","","00FORGN","","","EGY","","","Middle East Partnership Initiative (MEPI) ","STATE, DEPARTMENT OF","The Blogging the Elections in Egypt and Tunisia project will utilize new media technology to engage ciizens of those countries in politics, with part","780400156","10","11","1037","","1301 Connecticut Ave. NW, Floor 6","","",0,0,2012,"","n: Non-Profit Organization","g","","1900: STATE, DEPARTMENT OF","NON","","","DC","David Kramer",175000.00,"Quoc-Huy Nguyen",157801.00,"Jaquelyn Bennett",140000.00,"Robert Herman",136000.00,"Lisa Davis",128409.00,11/1/2012
7A214B54-2394-5A02-73FC-D827D1FA1CD9,"active","","45.163","SAI EXEMPT","GRANTS AND ADMINISTRATION, NATIONAL ENDOWMENT FOR THE HUMANITIES, NATIONAL FOUNDATION ON THE ARTS AND HUMANITIES","Oregon State University","0420","CORVALLIS","003","Benton","973318565","06: State controlled institution of higher education","A: New assistance action","5940: NATIONAL ENDOWMENT FOR THE HUMANITIES","EH5036113","1459",174857,0,174857,"09/26/2013","10/01/2013","12/31/2014","04: Project grant","2: Individual action",": Current record","","4115800","Oregon","Corvallis","USA","973318565","4","Promotion of the Humanities_Professional Development","NATIONAL ENDOWMENT FOR THE HUMANITIES","Algeria, Morocco, Tunisia: Literature, the Arts, and Cinema since Independence","053599908","00","59","0200","","","","600 Kerr Administration Building",0,0,2013,"OR","h: Higher Education","g","04","5940: NATIONAL ENDOWMENT FOR THE HUMANITIES","NON","USA","","OR","",,"",,"",,"",,"",,10/28/2013
20A129AC-9B7F-40DD-BF35-61EC9F6E3E18,"active","4","19.415","SAIEXEMPT","","HANDS ALONG THE NILE DEVELOPMENT SERVICES, IN","03010","ARLINGTON","131","Northampton","222092105","12: Other nonprofit","A: New assistance action","1900: DEPARTMENT OF STATE","SECAGD16CA1091","",445000,0,445000,"08/25/2016","09/01/2016","06/30/2018","05: Cooperative agreement","2: Individual action",": Current record","","5101000","Virginia","Alexandria","","223142161","","Professional and Cultural Exchange Programs - Citizen Exchanges","DEPARTMENT OF STATE","Professional Fellows Exchange Program between Egypt, Tunisia, Morocco and the U.S., theme NGO Development","021602599","","19","0209","","1601 N. KENT ST, STE 1014","","",0,0,2016,"VA","n: Nonprofit agencies","G","","1900: Department of State","","","","VA","",,"",,"",,"",,"",,9/20/2016
C9A73DBA-30B7-4ABF-856A-D87A5391570F,"active","4","19.701","SAIEXEMPT","","CAWTAR","FORGN","","","","","25: All other","A: New assistance action","1900: DEPARTMENT OF STATE","STS80016GR084","",100000,0,100000,"09/20/2016","09/20/2016","09/30/2017","04: Project grant","2: Individual action",": Current record","","00FORGN","","","TUN","","","Global Counterterrorism Programs","DEPARTMENT OF STATE","This grant is awarded to CAWTAR to implement the Voices of Reason conference in Tunisia. which will gather 50 female non-governmental leaders active","565442092","","19","0209","","Centre de la Femme Arabe pour la Fo","","",0,0,2016,"","o: Private agencies","G","","1900: Department of State","","TUN","","","",,"",,"",,"",,"",,10/5/2016
4D552893-0E0A-E8E3-3FFE-CDD42F1FBC13,"active","20103","10.001","SAI EXEMPT","SALARIES AND EXPENSES, AGRICULTURAL RESEARCH SERVICE","ICARDA","FORGN","ALEPPO","000","","","25: All other","A: New assistance action","12H2: AGRICULTURAL RESEARCH SERVICE","58-5402-9-228F-0","",30000,0,0,"09/28/2009","09/30/2009","09/29/2011","05: Cooperative agreement","2: Individual action",": Current record","","00FORGN","COLORADO","FORT COLLINS","USA","80521","0099","Agricultural Research_Basic and Applied Research","AGRICULTURAL RESEARCH SERVICE","GENETIC DIFFERENCES, CONSERVATION AND UTILIZATION OF TUNIS SHEEP IN TUNISIA AND THE UNITED STATES","645287814","08","12","1400","","","","",0,0,2009,"00","o: Other","g","00","1200: AGRICULTURE, DEPARTMENT OF","NON","SYR","12H20058-5402-9-228F-0      1291400","00","",,"",,"",,"",,"",,12/7/2009
63DE19E7-E1C9-D054-EB07-32B61ADD72AA,"active","","19.021","SAIEXEMPT","EDUCATIONAL AND CULTURAL EXCHANGE PROGRAMS, STATE","AMIDEAST Tunis","FORGN","","","","","12: Other nonprofit","A: New assistance action","1900: STATE, DEPARTMENT OF","STS80014GR055","",40945,0,40945,"09/15/2014","09/30/2015","09/30/2015","04: Project grant","2: Individual action",": Current record","","00FORGN","","","TUN","","","Investing in People in The Middle East and North Africa","STATE, DEPARTMENT OF","This grant is awarded to Amideast to provide further professional development opportunity for Access teachers throughout Tunisia and organize a profe","074807124","5","19","0209","","Country Director","22, Rue Al Amine Al Abassi","",0,0,2014,"","n: Non-Profit Organization","g","","1900: STATE, DEPARTMENT OF","NON","TUN","","","",,"",,"",,"",,"",,10/3/2014
BC80C17C-153B-C0CC-4BB0-9D951FD52882,"active","","19.500","SAIEXEMPT","ECONOMIC SUPPORT FUND, FUNDS APPROPRIATED TO THE PRESIDENT","Search for Common Ground","50000","WASHINGTON","001","District of Columbia","200091077","12: Other nonprofit","C: Revision (any change in Federal Government's financial obligation or contingent liability in existing assistance transaction amount of the change in funding; or any change in Recipient Name, Recipient Address, Project Period or Project Scope)","1900: STATE, DEPARTMENT OF","SNEAPI11CA0337","0008",1500000,0,1500000,"05/12/2014","07/15/2011","11/30/2015","05: Cooperative agreement","2: Individual action",": Current record","","00FORGN","","","TUN","","","Middle East Partnership Initiative (MEPI) ","STATE, DEPARTMENT OF","Empowering Young Change-Makers in Tunisia","126514330","10","72","1037","","1601 Connecticut Avenue, Suite 200","","",0,0,2014,"","n: Non-Profit Organization","g","","1900: STATE, DEPARTMENT OF","NON","","","DC","",,"",,"",,"",,"",,6/5/2014
5F8E0F85-7272-4DCF-BC95-2CCB0D5CC0D8,"active","3","98.001 ","SAI NOT AVAILABLE   ","","SMALL ENTERPRISE ASSISTANCE FUNDS            ","50000","WASHINGTON           ","110","District of Columbia ","200051209","12: Other nonprofit","A: New assistance action","7200: AGENCY FOR INTERNATIONAL DEVELOPMENT                                 ","AIDOAAA1200046  ","0002",0,0,0,"04/10/2015","09/20/2012","09/23/2016","05: Cooperative agreement","2: Individual action",": Current record","","00FORGN","00                       ","FORGN                    ","TUN","","","USAID Foreign Assistance for Programs Overseas                            ","AGENCY FOR INTERNATIONAL DEVELOPMENT                                    ","TUNISIA ICT, ENTREPRENEURSHIP, TIP                                                                                                                   ","938963295    ","","","","","1500 K ST NW STE 375               ","","",0,0,2015,"","n: Nonprofit agencies","G","","7200: U.S. Agency for International Development","NON","USA","AID-OAA-A-12-00046-02                                                 ","DC","",,"",,"",,"",,"",,6/22/2015
B2DBC11D-8B24-473C-8AA4-0A1AB1CE71C8,"active","4","19.415 ","SAIEXEMPT           ","","INSTITUTE FOR PRACTICAL IDEALISM             ","05544","BEDFORD              ","515","Bedford (city)       ","245236159","12: Other nonprofit","A: New assistance action","1900: DEPARTMENT OF STATE                                                  ","SECAGD15CA1119  ","",690550,0,690550,"09/29/2015","09/24/2015","06/30/2017","05: Cooperative agreement","2: Individual action",": Current record","","5199019","Virginia                 ","Bedford                  ","","245236159","","Professional and Cultural Exchange Programs - Citizen Exchanges           ","DEPARTMENT OF STATE                                                     ","Professional Fellows Program - Non-Governmental Organization Development in Algeria, Egypt, Libya, Morocco, Tunisia, and the United States           ","139630107    ","","19","0209","","1020 LEGACY DRIVE                  ","","",0,0,2015,"VA","n: Nonprofit agencies","G","","1900: Department of State","","","","VA","",,"",,"",,"",,"",,10/20/2015
B782C159-092C-4EB5-ADD2-C4FC4AE8A05E,"active","4","19.701 ","SAIEXEMPT           ","NON-PROLIFERATION, ANTI-TERRORISM, DEMINING AND RELATED PROGRAMS, INTERNATIONAL SECURITY ASSISTANCE, STATE","Financial Services Volunteer Corps           ","51000","New York             ","047","Kings                ","100225052","12: Other nonprofit","A: New assistance action","1900: DEPARTMENT OF STATE                                                  ","SLMAQM15GR1277  ","",500000,0,500000,"09/25/2015","09/30/2015","10/31/2016","04: Project grant","2: Individual action",": Current record","","00FORGN","","","TUN","","","Global Counterterrorism Programs                                          ","DEPARTMENT OF STATE                                                     ","FSVC-Developing an Financial Intelligence Unit in Tunisia                                                                                            ","616716387    ","9 ","11","1075","","10 E 53rd St Fl 36                 ","","",0,0,2015,"","n: Nonprofit agencies","G","","1900: Department of State","","","","NY","",,"",,"",,"",,"",,10/20/2015
4669A976-0DB3-42BF-9A6C-08D0F59C9502,"active","4","19.500 ","SAIEXEMPT           ","ECONOMIC SUPPORT FUND, FUNDS APPROPRIATED TO THE PRESIDENT","Financial Services Volunteer Corps           ","51000","New York             ","085","Richmond             ","100225052","12: Other nonprofit","A: New assistance action","1900: DEPARTMENT OF STATE                                                  ","SNEAAC15CA1043  ","",1000000,0,1000000,"08/03/2015","08/01/2015","07/31/2017","05: Cooperative agreement","2: Individual action",": Current record","","36*****","New York                 ","","","","","Middle East Partnership Initiative (MEPI)                                 ","DEPARTMENT OF STATE                                                     ","Supporting Government and CSOs in Tunisia in Implementing Key Commitments in the National Open Government Partnership Action Plan.                   ","616716387    ","","72","1037","","10 E 53rd St Fl 36                 ","","",0,0,2015,"NY","n: Nonprofit agencies","G","","1900: Department of State","","","","NY","",,"",,"",,"",,"",,11/5/2015
42B627BB-790F-49E9-84D5-F7EB5205A8A8,"active","2","98.001 ","SAI NOT AVAILABLE   ","","SMALL ENTERPRISE ASSISTANCE FUNDS            ","50000","WASHINGTON           ","110","District of Columbia ","200051209","12: Other nonprofit","D: Funding adjustment to completed project","7200: AGENCY FOR INTERNATIONAL DEVELOPMENT                                 ","AIDOAAA1200046  ","0003",0,0,0,"01/14/2016","09/20/2012","09/23/2016","05: Cooperative agreement","2: Individual action",": Current record","","00FORGN","00                       ","FORGN                    ","TUN","","","USAID Foreign Assistance for Programs Overseas                            ","AGENCY FOR INTERNATIONAL DEVELOPMENT                                    ","TUNISIA ICT, ENTREPRENEURSHIP, TIP                                                                                                                   ","938963295    ","","","","","1500 K ST NW STE 375               ","","",0,0,2016,"","n: Nonprofit agencies","G","","7200: U.S. Agency for International Development","NON","USA","AID-OAA-A-12-00046-03                                                 ","DC","",,"",,"",,"",,"",,1/27/2016
BB6DBFBF-C7AB-18E5-11E6-2C2A07A6D6C2,"active","20101","19.022","SAIEXEMPT","EDUCATIONAL AND CULTURAL EXCHANGE PROGRAMS, STATE","AMIDEAST Tunis","FORGN","","","","","12: Other nonprofit","A: New assistance action","1900: STATE, DEPARTMENT OF","STS80010GR216","",2000,0,2000,"03/01/2010","03/01/2010","09/30/2010","04: Project grant","2: Individual action",": Current record","20102","00FORGN","","","TUN","","ZZ","Educational and Cultural Exchange Programs Appropriation Overseas Grants","STATE, DEPARTMENT OF","This grant will be used by Amideast Tunisia for the design of a coursebook to teach modern Tunisian Arabic to American students and volunteers. The c","362541789","","19","0209","","22  Rue Al Amine Al Abassi","","",0,0,2010,"00","n: Non-Profit Organization","g","ZZ","1900: STATE, DEPARTMENT OF","NON","TUN","","00","",,"",,"",,"",,"",,12/10/2010
FC75ED59-5C04-3344-9337-D413FD704A4C,"active","20101","93.701","SAI UNAVAILABLE","NATIONAL INSTITUTE OF NEUROLOGICAL DISORDERS AND STROKE - RECOVERY ACT, NATIONAL INSTITUTES OF HEALTH, HEALTH AND HUMAN SERVICES","MAYO CLINIC JACKSONVILLE","35000","JACKSONVILLE","031","Duval","322241865","23: Small business","A: New assistance action","7529: NATIONAL INSTITUTES OF HEALTH","R21NS064885","000",153000,0,153000,"09/28/2009","09/30/2009","08/31/2010","04: Project grant","2: Individual action","C: Current transaction record is a request to replace a previously submitted record that contained data submission errors. Record contains replacement (not delta) values for all data fields that contain submission errors.","","","FLORIDA","JACKSONVILLE","USA","32224","FL00","Trans-NIH Recovery Act Research Support  ","NATIONAL INSTITUTES OF HEALTH","GENOTYPE/PHENOTYPE STUDIES OF PARKINSON'S DISEASE IN TUNISIA","153223151","","75","0901","","4500 SAN PABLO ROAD","","",0,0,2009,"FL","f: For-Profit Organization","g","04","7500: HEALTH AND HUMAN SERVICES, DEPARTMENT OF","REC","USA","75-137-R21NS064885-000-1-2009-93701-75-0901-REC","FL","",,"",,"",,"",,"",,10/5/2010
DAC68E5B-D24B-2544-7621-E36E5FCD4F01,"active","","19.500","SAIEXEMPT","","International Republican Institute","50000","Washington","001","District of Columbia","200055962","12: Other nonprofit","A: New assistance action","1900: STATE, DEPARTMENT OF","SNEAPI11CA359","",2200000,0,2200000,"09/23/2011","11/01/2011","07/31/2013","05: Cooperative agreement","2: Individual action",": Current record","","00FORGN","","","TUN","","","Middle East Partnership Initiative (MEPI) ","STATE, DEPARTMENT OF","The award supports the democratic transition in Tunisia by conducting political strengthening programs and public opinion research.","126510312","8","11","1037","","1225 Eye Street NW, Suite 700","","",0,0,2011,"","n: Non-Profit Organization","g","","1900: STATE, DEPARTMENT OF","NON","","","DC","",,"",,"",,"",,"",,11/1/2012
0E6B19A7-280F-1A92-8CF0-85AE8C623D5C,"active","20110","19.500","SAIEXEMPT","","Freedom House","50000","Washington (District","001","District of Columbia","200361815","12: Other nonprofit","A: New assistance action","1900: STATE, DEPARTMENT OF","SNEAPI11CA339","",1319025,0,1319025,"07/18/2011","07/15/2011","07/14/2013","05: Cooperative agreement","2: Individual action","C: Current transaction record is a request to replace a previously submitted record that contained data submission errors. Record contains replacement (not delta) values for all data fields that contain submission errors.","","00FORGN","","","TUN","","ZZ","Middle East Partnership Initiative (MEPI) ","STATE, DEPARTMENT OF","Divisioning Justice in Tunisia:  A Blueprint for Reform/Freedom House will work with local partners  to establish a new legal system that is accessib","780400156","10","11","1037","","1301 Connecticut Ave. NW, Floor 6","","",0,0,2011,"00","n: Non-Profit Organization","g","00","1900: STATE, DEPARTMENT OF","NON","","","DC","David Kramer",175000.00,"Quoc-Huy Nguyen",157801.00,"Jaquelyn Bennett",140000.00,"Robert Herman",136000.00,"Lisa Davis",128409.00,9/3/2011
6F276113-55C2-1968-CA29-8E35961AA0F5,"active","20110","47.070","SAI EXEMPT","RESEARCH AND RELATED ACTIVITIES, NATIONAL SCIENCE FOUNDATION","UNIVERSITY OF WASHINGTON","63000","Seattle","033","KING","981959472","06: State controlled institution of higher education","A: New assistance action","4900: NATIONAL SCIENCE FOUNDATION","1144286","000",45625,0,0,"08/26/2011","09/01/2011","02/29/2012","04: Project grant","2: Individual action",": Current record","","5363000","Washington","Seattle","USA","981953740","WA07","Computer and Information Science and Engineering","NATIONAL SCIENCE FOUNDATION","RAPID Social Computing and Political Transition in Tunisia","605799469","","49","0100","","4333 Brooklyn Ave NE","","",0,0,2011,"WA","h: Higher Education","g","07","4900: NATIONAL SCIENCE FOUNDATION","NON","USA","NONA201108261144286000","WA","",,"",,"",,"",,"",,9/16/2011
BBC18FCF-027A-F12E-B746-E91BF6A06D8A,"active","20111","19.017","SAIEXEMPT","","The Pennsylvania State University","78704","University Park","027","Centre","168021505","06: State controlled institution of higher education","A: New assistance action","1900: STATE, DEPARTMENT OF","SLMAQM11GR1047","",148500,0,148500,"09/22/2011","09/22/2011","03/31/2013","04: Project grant","2: Individual action",": Current record","","00FORGN","","","TUN","","ZZ","Environmental and Scientific Partnerships and Programs","STATE, DEPARTMENT OF","US-Tunisia-Morocco Partnership for the Promotion of Technology Innovation and Commercialization Strategies in Engineering Research and Education","003403953","10","11","1037","","408 Old Main","","",0,0,2011,"00","h: Higher Education","g","05","1900: STATE, DEPARTMENT OF","NON","","","PA","",,"",,"",,"",,"",,11/6/2011
1FA257A1-4A31-0F78-E233-227A9BA589E7,"active","20110","47.075","SAI EXEMPT","RESEARCH AND RELATED ACTIVITIES, NATIONAL SCIENCE FOUNDATION","NORTHWESTERN UNIVERSITY","24582","Evanston","031","COOK","602081110","25: All other","A: New assistance action","4900: NATIONAL SCIENCE FOUNDATION","1148741","000",27691,0,0,"08/12/2011","09/15/2011","08/31/2012","04: Project grant","2: Individual action",": Current record","","1724582","Illinois","Evanston","USA","602081310","IL09","Social, Behavioral, and Economic Sciences","NATIONAL SCIENCE FOUNDATION","RAPID: Revolution's Refugees: Displaced Libyans in Tunisia and the Formation of Transnational Amazigh (Berber) Consciousness","160079455","","49","0100","","633 CLARK ST","","",0,0,2011,"IL","o: Other","g","09","4900: NATIONAL SCIENCE FOUNDATION","NON","USA","NONA201108121148741000","IL","",,"",,"",,"",,"",,9/16/2011
AA693766-B3C7-0079-77A1-6DCAC5C1649E,"active","","19.500","SAIEXEMPT","","Freedom House","50000","Washington (District","001","District of Columbia","200361815","12: Other nonprofit","A: New assistance action","1900: STATE, DEPARTMENT OF","SNEAPI10CA315","",699970,0,699970,"05/13/2011","05/15/2011","05/14/2012","05: Cooperative agreement","2: Individual action",": Current record","","00FORGN","","","EGY","","","Middle East Partnership Initiative (MEPI) ","STATE, DEPARTMENT OF","AWARD TITLE--Blogging the Elections in Egypt and TunisiaThe Blogging the Elections in Egypt and Tunisia project will utilize new media technology to","780400156","10","11","1037","","1301 Connecticut Ave. NW, Floor 6","","",0,0,2011,"","n: Non-Profit Organization","g","","1900: STATE, DEPARTMENT OF","NON","","","DC","David Kramer",175000.00,"Quoc-Huy Nguyen",157801.00,"Jaquelyn Bennett",140000.00,"Robert Herman",136000.00,"Lisa Davis",128409.00,11/1/2012
1BEF9E23-37A2-2EE5-D134-BC57805E5C68,"active","20110","19.500","SAIEXEMPT","","Financial Services Volunteer Corps (FSVC)","51000","New York","061","New York","100227649","12: Other nonprofit","A: New assistance action","1900: STATE, DEPARTMENT OF","SNEAPI11CA334","",1800000,0,4148000,"07/05/2011","07/01/2011","06/30/2013","05: Cooperative agreement","2: Individual action",": Current record","","00FORGN","","","TUN","","ZZ","Middle East Partnership Initiative (MEPI) ","STATE, DEPARTMENT OF","""Promoting Entrepreneurship for Private-Sector Development in Tunisia""This award provides $1,800,000 ($1,600,000 ESF and $200,000 Embassy Tunis bilat","616716387","8","11","1037","","800 Third Avenue","","",0,0,2011,"00","n: Non-Profit Organization","g","14","1900: STATE, DEPARTMENT OF","NON","","","NY","",,"",,"",,"",,"",,8/20/2011
420D1046-EC76-FD62-DA08-AB27074C6372,"active","","93.989","SAI UNAVAILABLE","JOHN E. FOGARTY INTERNATIONAL CENTER, NATIONAL INSTITUTES OF HEALTH","UNIVERSITY OF MINNESOTA, OFFICE OF STUDENT FI","43000","MINNEAPOLIS","053","Hennepin","55455","06: State controlled institution of higher education","A: New assistance action","7529: NATIONAL INSTITUTES OF HEALTH","R56TW009265","000",238087,0,238087,"09/04/2012","08/22/2012","08/31/2013","04: Project grant","2: Individual action",": Current record","","","MINNESOTA","MINNEAPOLIS","USA","554541015","5","International Research and Research Training","NATIONAL INSTITUTES OF HEALTH","CAPACITY BUILDING FOR TOBACCO CONTROL IN TUNISIA, NORTH AFRICA & MIDDLE EAST","555917996","","75","0819","","106 PLEASANT SE, 210 FRASER HL","","",0,0,2012,"","h: Higher Education","g","05","7500: HEALTH AND HUMAN SERVICES, DEPARTMENT OF","NON","USA","75-148-R56TW009265-000-1-2012-93989-75-0819-NON","MN","",,"",,"",,"",,"",,9/20/2012
E6307593-0572-A5E1-EED9-42D5E05606E0,"active","","19.019","SAIEXEMPT","INTERNATIONAL NARCOTICS CONTROL AND LAW ENFORCEMENT, INTERNATIONAL SECURITY ASSISTANCE, STATE","INTERNATIONAL ORGANIZATION FOR MIGRATION","50000","Washington","001","District of Columbia","200362906","25: All other","A: New assistance action","1900: STATE, DEPARTMENT OF","SSJTIP14GR1009","",700000,0,700000,"09/30/2014","10/01/2014","09/30/2017","04: Project grant","2: Individual action",": Current record","","00FORGN","","","TUN","","","International Programs to Combat Human Trafficking","STATE, DEPARTMENT OF","Supporting the Enactment of Anti-Trafficking Legislation & National Action Plan in Tunisia, as well as Strengthening the National Capacities on Iden","626534515","","11","1022","","1752 N St NW Ste 700","","",0,0,2014,"","o: Other","g","","1900: STATE, DEPARTMENT OF","NON","","","DC","",,"",,"",,"",,"",,10/20/2014
2D23AE83-D7B0-3B0F-93B2-10CD489B6C57,"active","","19.500","SAIEXEMPT","ECONOMIC SUPPORT FUND, FUNDS APPROPRIATED TO THE PRESIDENT","International Republican Institute","50000","Washington","001","District of Columbia","205200001","12: Other nonprofit","C: Revision (any change in Federal Government's financial obligation or contingent liability in existing assistance transaction amount of the change in funding; or any change in Recipient Name, Recipient Address, Project Period or Project Scope)","1900: STATE, DEPARTMENT OF","SNEAPI11CA0359","0006",1230000,0,1230000,"05/15/2014","11/01/2011","05/31/2015","05: Cooperative agreement","2: Individual action",": Current record","","00FORGN","","","TUN","","","Middle East Partnership Initiative (MEPI) ","STATE, DEPARTMENT OF","Strenthening political parties in Tunisia.","126510312","8","72","1037","","1225 Eye Street NW","","",0,0,2014,"","n: Non-Profit Organization","g","","1900: STATE, DEPARTMENT OF","NON","","","DC","",,"",,"",,"",,"",,6/5/2014
285DA76F-F813-A09D-E88C-D7FE1B7F090E,"active","","19.500","SAIEXEMPT","ECONOMIC SUPPORT FUND, FUNDS APPROPRIATED TO THE PRESIDENT","Deloitte Consulting LLP","99059","Fairfax County (Fairf","059","Fairfax","221024219","22: Profit organization","C: Revision (any change in Federal Government's financial obligation or contingent liability in existing assistance transaction amount of the change in funding; or any change in Recipient Name, Recipient Address, Project Period or Project Scope)","1900: STATE, DEPARTMENT OF","SNEAPI12CA0035","0003",1500000,0,1500000,"09/10/2014","09/30/2012","09/30/2015","05: Cooperative agreement","2: Individual action",": Current record","","00FORGN","","","TUN","","","Middle East Partnership Initiative (MEPI) ","STATE, DEPARTMENT OF","Building the Capacity of Regional Chambers of Commerce (Tunisia)","019121586","8","72","1037","","1750 Tysons Blvd.","McLean","",0,0,2014,"","f: For-Profit Organization","g","","1900: STATE, DEPARTMENT OF","NON","","","VA","",,"",,"",,"",,"",,10/3/2014
F825484F-AE8B-5723-B557-4535A761217E,"active","","19.415","SAIEXEMPT","EDUCATIONAL AND CULTURAL EXCHANGE PROGRAMS, STATE","INSTITUTE FOR PRACTICAL IDEALISM","05544","BEDFORD","515","Bedford","245236159","12: Other nonprofit","A: New assistance action","1900: STATE, DEPARTMENT OF","SECAGD14CA1127","",690550,0,690550,"09/19/2014","09/16/2014","03/31/2016","05: Cooperative agreement","2: Individual action",": Current record","","1150000","District of Columbia","Washington","","200052605","","Professional and Cultural Exchange Programs - Citizen Exchanges","STATE, DEPARTMENT OF","PROFESSIONAL FELLOWS PROGRAM NORTH AFRICA (PFP-NA)Non-Government Organization (NGO) Development inAlgeria, Egypt, Libya, Morocco, Tunisia, & the US","139630107","","19","0209","","1020 LEGACY DRIVE","","",0,0,2014,"DC","n: Non-Profit Organization","g","","1900: STATE, DEPARTMENT OF","NON","","","VA","",,"",,"",,"",,"",,10/3/2014
4E8654C7-6B46-98B6-2538-FCD1C3845B40,"active","","98.001","SAI NOT AVAILABLE","","SMALL ENTERPRISE ASSISTANCE FUNDS","50000","WASHINGTON","110","District of Columbia","200051209","12: Other nonprofit","A: New assistance action","7200: AGENCY FOR INTERNATIONAL DEVELOPMENT","AIDOAAA1200046","0001",0,0,0,"01/14/2015","09/20/2012","09/23/2015","05: Cooperative agreement","2: Individual action",": Current record","","00FORGN","00","FORGN","TUN","","","USAID Foreign Assistance for Programs Overseas","AGENCY FOR INTERNATIONAL DEVELOPMENT","TUNISIA ICT, ENTREPRENEURSHIP, TIP","938963295","","","","","1500 K ST NW STE 375","","",0,0,2015,"","n: Non-Profit Organization","g","","7200: AGENCY FOR INTERNATIONAL DEVELOPMENT","NON","USA","AID-OAA-A-12-00046-01","DC","",,"",,"",,"",,"",,1/20/2015
38896567-1C2C-A514-8AB3-D03CB65409BA,"active","20089","47.079","SAI EXEMPT","RESEARCH AND RELATED ACTIVITIES, NATIONAL SCIENCE FOUNDATION","U of Southern California","44000","Los Angeles","037","LOS ANGELES","900891147","25: All other","A: New assistance action","4900: NATIONAL SCIENCE FOUNDATION","0751073","000",19580,0,0,"03/12/2008","04/01/2008","03/31/2009","04: Project grant","2: Individual action",": Current record","","0644000","California","Los Angeles","","900891147","CA33","International Science and Engineering (OISE)","NATIONAL SCIENCE FOUNDATION","US-Tunisia Planning Visit:   The Genomics of Salinity Adaptation in the Medicago Truncatula-Sinorhizobium Symbiosis","072933393","","49","0100","","University Park","","",0,0,2008,"CA","o: Other","g","33","4900: NATIONAL SCIENCE FOUNDATION","NON","","","CA","",,"",,"",,"",,"",,3/14/2015
1500268E-42A2-DD9C-3A0B-A5B596CBBB75,"active","20104","19.500","SAIEXEMPT","","ATDD","FORGN","","","","","25: All other","A: New assistance action","1900: STATE, DEPARTMENT OF","STS80008GR006","",65973,0,65973,"04/01/2008","04/01/2008","03/31/2009","04: Project grant","2: Individual action",": Current record","20083","00FORGN","","","TUN","","ZZ","Middle East Partnership Initiative (MEPI) ","STATE, DEPARTMENT OF","ATDD will help raise awareness about intellectual property rights (IPR) and contribute to the enforcement of IPR laws in Tunisia.  Activities include","123456787","","11","1037","","12 Rue Med Rachid Ridha","Montplaisir 1073","Tunis",0,0,2008,"00","o: Other","g","ZZ","1900: STATE, DEPARTMENT OF","NON","TUN","","00","",,"",,"",,"",,"",,12/22/2009
68AA7E1A-1289-47B7-893E-2F2FC7393FCC,"active","4","19.500 ","SAIEXEMPT           ","ECONOMIC SUPPORT FUND, FUNDS APPROPRIATED TO THE PRESIDENT","Deloitte Consulting LLP                      ","99059","Fairfax County (Fairf","059","Fairfax              ","221024219","22: Profit organization","C: Revision (any change in Federal Government's financial obligation or contingent liability in existing assistance transaction amount of the change in funding; or any change in Recipient Name, Recipient Address, Project Period or Project Scope)","1900: DEPARTMENT OF STATE                                                  ","SNEAPI12CA0035  ","0005",2000000,0,5900000,"09/28/2015","09/30/2012","09/30/2017","05: Cooperative agreement","2: Individual action",": Current record","","00FORGN","","","TUN","","","Middle East Partnership Initiative (MEPI)                                 ","DEPARTMENT OF STATE                                                     ","Building the Capacity of Regional Chambers of Commerce (Tunisia)                                                                                     ","019121586    ","8 ","72","1037","","1750 Tysons Blvd.                  ","McLean                             ","",0,0,2015,"","f: Private agencies","G","","1900: Department of State","","","","VA","",,"",,"",,"",,"",,10/20/2015
BF5C9913-5FB9-4682-A51B-EB14975545F1,"active","4","19.021 ","SAIEXEMPT           ","","Trustees of Columbia University in the City o","51000","New York (New York)  ","061","New York             ","100277922","06: State controlled institution of higher education","A: New assistance action","1900: DEPARTMENT OF STATE                                                  ","STS80015GR035   ","",249981,0,259981,"09/18/2015","09/21/2015","09/30/2016","04: Project grant","2: Individual action",": Current record","","00FORGN","","Tunis                    ","TUN","","","Investing in People in the Middle East and North Africa                   ","DEPARTMENT OF STATE                                                     ","Fostering Entrepreneurship in Engineering Education in Tunisia and introduce critical elements of an entrepreneurship curriculum.                    ","049179401    ","","19","0209","","615 West 131st Street,             ","Room 254, NY,  10027-7922, USA     ","",0,0,2015,"","h: Government","G","","1900: Department of State","","","","NY","",,"",,"",,"",,"",,10/5/2015
46BBC3D8-71B1-4DF8-BAFC-45C95E6990A2,"active","2","19.703","SAIEXEMPT","","National Center for State Courts","03000","Arlington (Arlington)","013","Arlington","222013326","12: Other nonprofit","A: New assistance action","1900: DEPARTMENT OF STATE","SINLEC16CA0037","",1500000,0,1500000,"02/19/2016","02/19/2016","02/28/2018","05: Cooperative agreement","2: Individual action","C: Current transaction record is a request to replace a previously submitted record that contained data submission errors. Record contains replacement (not delta) values for all data fields that contain submitted errors.","","00FORGN","","","TUN","","","CRIMINAL JUSTICE SYSTEMS","DEPARTMENT OF STATE","The purpose of this award is to improve access to and the quality of justice in Tunisia","076443563","10","11","1022","","2425 Wilson Blvd., Suite 350","","",0,0,2016,"","n: Nonprofit agencies","G","","1900: Department of State","","","","VA","",,"",,"",,"",,"",,4/6/2016
37413E57-BD28-490D-B214-55FC7C529A12,"active","4","19.222","SAIEXEMPT","ECONOMIC SUPPORT FUND, FUNDS APPROPRIATED TO THE PRESIDENT","Generations For Peace","FORGN","Amman","","","","25: All other","A: New assistance action","1900: DEPARTMENT OF STATE","SNEAAC16CA1061","",999009,0,999009,"09/23/2016","09/23/2016","08/31/2018","05: Cooperative agreement","2: Individual action",": Current record","","00FORGN","","","TUN","","","Trans-Sahara Counterterrorism Partnership (TSCTP)","DEPARTMENT OF STATE","Youth Resolve: Strengthening Youth Resilience to Violent Extremism in Tunisia","534701086","","72","1037","","AL-Hussein Youth Sport City","","",0,0,2016,"","o: Private agencies","G","","1900: Department of State","","JOR","","","",,"",,"",,"",,"",,10/20/2016
AAE66819-9670-C8A0-DE16-E55824EF26B1,"active","20110","19.500","SAIEXEMPT","","ACMACO/CEMAREF","FORGN","Tunis","","","","25: All other","A: New assistance action","1900: STATE, DEPARTMENT OF","SNEATU09GR029","",100000,0,100000,"10/29/2009","04/30/2011","04/30/2011","04: Project grant","2: Individual action","C: Current transaction record is a request to replace a previously submitted record that contained data submission errors. Record contains replacement (not delta) values for all data fields that contain submission errors.","20101","00FORGN","","Tunis","TUN","","ZZ","Middle East Partnership Initiative (MEPI) ","STATE, DEPARTMENT OF","The project will, through seven seminars, evaluate Tunisia?s reform movement from the 19th Century including the periods from Independence (1957) and","557734689","8","11","1037","","8, rue de l'Argentine 1002, Tunis B","","",0,0,2010,"00","o: Other","g","ZZ","1900: STATE, DEPARTMENT OF","NON","TUN","","00","",,"",,"",,"",,"",,2/4/2011
8542891A-9FD6-AF3C-0597-B1F58C5BEBC3,"active","20100","47.079","SAI EXEMPT","RESEARCH AND RELATED ACTIVITIES, NATIONAL SCIENCE FOUNDATION","MICHIGAN STATE UNIVERSITY","24120","East Lansing","065","INGHAM","488241046","06: State controlled institution of higher education","A: New assistance action","4900: NATIONAL SCIENCE FOUNDATION","1032268","000",41017,0,0,"08/24/2010","09/01/2010","08/31/2011","04: Project grant","2: Individual action",": Current record","","2624120","Michigan","East Lansing","USA","488241046","MI08","International Science and Engineering (OISE)","NATIONAL SCIENCE FOUNDATION","US-TUNISIA: Regional Workshop on Research and Educational Advances in Smart Micro-sensing and Biomimetic Sensors  December 2010","193247145","","49","0100","","CONTRACT AND GRANT ADMINISTRATIO","301 ADMINISTRATION BUILDING","",0,0,2010,"MI","h: Higher Education","g","08","4900: NATIONAL SCIENCE FOUNDATION","NON","USA","NONA201008241032268000","MI","",,"",,"",,"",,"",,9/2/2010
C324F420-4792-988C-1E38-0297DE36D498,"active","20110","19.345","SAIEXEMPT","DEMOCRACY FUND, STATE","Internews Network","02476","Arcata (Humboldt)","023","Humboldt","955184448","12: Other nonprofit","A: New assistance action","1900: STATE, DEPARTMENT OF","SLMAQM11GR618","",247524,0,247524,"08/31/2011","08/31/2011","08/31/2012","04: Project grant","2: Individual action",": Current record","","00FORGN","","","TUN","","ZZ","International Programs to Support Democracy, Human Rights and Labor","STATE, DEPARTMENT OF","Civil Society & Media: Tunisia Youth Beat, Creating Platform for Discussion and Debate Radio.","175146836","10","19","1121","","P.O. Box 4448","","",0,0,2011,"00","n: Non-Profit Organization","g","01","1900: STATE, DEPARTMENT OF","NON","","","CA","",,"",,"",,"",,"",,9/3/2011
93FF6DBC-0FB4-B6A5-D477-B29FA9DC9EB4,"active","20110","19.500","SAIEXEMPT","","Education for Employment Foundation","50000","Washington (District","001","District of Columbia","200015303","12: Other nonprofit","C: Revision (any change in Federal Government's financial obligation or contingent liability in existing assistance transaction amount of the change in funding; or any change in Recipient Name, Recipient Address, Project Period or Project Scope)","1900: STATE, DEPARTMENT OF","SNEAPI11CA330","1",1450341,0,1450341,"04/08/2011","05/01/2011","04/30/2012","05: Cooperative agreement","2: Individual action",": Current record","","00FORGN","","","TUN","","ZZ","Middle East Partnership Initiative (MEPI) ","STATE, DEPARTMENT OF","""Supporting Civic Responsibility and Privete Sector Job Creation in Tunisia""  EEF will expand the Supporting Civic Responsibility and Private Sector","169719957","10","11","1037","","624 Ninth Street, NW Suite 222","","",0,0,2011,"00","n: Non-Profit Organization","g","00","1900: STATE, DEPARTMENT OF","NON","","","DC","",,"",,"",,"",,"",,6/16/2011
B6E138B5-2929-C155-7A23-A36EA91EB532,"active","20120","19.022","SAIEXEMPT","EDUCATIONAL AND CULTURAL EXCHANGE PROGRAMS, STATE","Microsoft Charitable Trust","63000","Seattle (King)","033","King","598111392","12: Other nonprofit","A: New assistance action","1900: STATE, DEPARTMENT OF","STS80011GR050","",60000,0,60000,"08/08/2011","09/30/2012","09/30/2012","04: Project grant","2: Individual action",": Current record","","00FORGN","","","TUN","","ZZ","Educational and Cultural Exchange Programs Appropriation Overseas Grants","STATE, DEPARTMENT OF","This grant is provided to Microsoft Charitable Trust to train ten start-up companies from throughout Tunisia in computer and software skills, entrepr","081466849","","19","0209","","Senior Director","","",0,0,2011,"00","n: Non-Profit Organization","g","ZZ","1900: STATE, DEPARTMENT OF","NON","","","WA","",,"",,"",,"",,"",,3/5/2012
F6FF9162-643A-ECDB-5D19-144B9A57DA81,"active","","19.500","SAIEXEMPT","","Internews Network","50000","Washington (District","001","District of Columbia","200363200","12: Other nonprofit","A: New assistance action","1900: STATE, DEPARTMENT OF","SNEAPI12CA047","",1500000,0,1500000,"09/20/2012","09/30/2012","05/30/2014","05: Cooperative agreement","2: Individual action",": Current record","","00FORGN","","","TUN","","","Middle East Partnership Initiative (MEPI) ","STATE, DEPARTMENT OF","Award will support multiple local partners in support of the development of sound and transparent media law and policy in Tunisia.","175146836","10","11","1037","","1640 Rhode Island Avenue, NW","7th Floor","",0,0,2012,"","n: Non-Profit Organization","g","","1900: STATE, DEPARTMENT OF","NON","","","DC","",,"",,"",,"",,"",,11/1/2012
46FCACF9-305E-B538-10C5-730B5B2A88DE,"active","","19.500","SAIEXEMPT","","Institute of International Education","50000","Washington (District","001","District of Columbia","200052403","12: Other nonprofit","A: New assistance action","1900: STATE, DEPARTMENT OF","SNEAPI12CA052","",800000,0,800000,"09/19/2012","09/30/2012","12/31/2013","05: Cooperative agreement","2: Individual action",": Current record","","00FORGN","","","EGY","","","Middle East Partnership Initiative (MEPI) ","STATE, DEPARTMENT OF","Award supports a study tour of the U.S. legal system for 25 selected judges from Egypt, Jordan, Libya, Morocco, and Tunisia.","123456787","8","11","1037","","1400 K Street, NW","","",0,0,2012,"","n: Non-Profit Organization","g","","1900: STATE, DEPARTMENT OF","NON","","","DC","",,"",,"",,"",,"",,9/3/2013
EF3A2D84-3B9C-DD0F-F4FD-2CE82B4A0317,"active","","19.345","SAIEXEMPT","","International Research  & Exchange Board (IRE","50000","Washington","001","District of Columbia","200371800","12: Other nonprofit","C: Revision (any change in Federal Government's financial obligation or contingent liability in existing assistance transaction amount of the change in funding; or any change in Recipient Name, Recipient Address, Project Period or Project Scope)","1900: STATE, DEPARTMENT OF","SLMAQM11CA0601","0001",2508515,0,2508515,"09/26/2012","09/26/2011","09/25/2013","05: Cooperative agreement","2: Individual action",": Current record","","00FORGN","","","SYR","","","International Programs to Support Democracy, Human Rights and Labor","STATE, DEPARTMENT OF","DRL Grants Serviced by AQM Project: Tunisia","797045846","8","11","1037","","2121 K Street NW","","",0,0,2012,"","n: Non-Profit Organization","g","","1900: STATE, DEPARTMENT OF","NON","","","DC","",,"",,"",,"",,"",,12/4/2012
CBCC7DC9-D169-BBBF-7A7D-612998E898F4,"active","20120","19.021","SAIEXEMPT","DIPLOMATIC AND CONSULAR PROGRAMS, STATE","Bedouin Association","51000","New York (Kings)","061","New York","320547025","12: Other nonprofit","A: New assistance action","1900: STATE, DEPARTMENT OF","STS80011GR060","",29800,0,29800,"09/13/2011","06/30/2012","06/30/2012","04: Project grant","2: Individual action",": Current record","","00FORGN","","","TUN","","ZZ","Investing in People in The Middle East and North Africa","STATE, DEPARTMENT OF","This Grant is provided to the Bedouin association to travel to Tunisia and conduct performances, instruction sessions and events to introduce young T","024368670","","19","0113","","Project Manager","","",0,0,2011,"00","n: Non-Profit Organization","g","ZZ","1900: STATE, DEPARTMENT OF","NON","","","NY","",,"",,"",,"",,"",,2/22/2012
E8E4F734-8AF3-2A52-6C90-CDEE3D48AC41,"active","","19.500","SAIEXEMPT","","Freedom House","50000","Washington (District","001","District of Columbia","200361815","12: Other nonprofit","C: Revision (any change in Federal Government's financial obligation or contingent liability in existing assistance transaction amount of the change in funding; or any change in Recipient Name, Recipient Address, Project Period or Project Scope)","1900: STATE, DEPARTMENT OF","SNEAPI10CA315","002",350000,0,699970,"07/27/2011","05/15/2011","05/14/2012","05: Cooperative agreement","2: Individual action",": Current record","","00FORGN","","","EGY","","","Middle East Partnership Initiative (MEPI) ","STATE, DEPARTMENT OF","The Blogging the Elections in Egypt and Tunisia project will utilize new media technology to engage ciizens of those countries in politics, with part","780400156","10","11","1037","","1301 Connecticut Ave. NW, Floor 6","","",0,0,2011,"","n: Non-Profit Organization","g","","1900: STATE, DEPARTMENT OF","NON","","","DC","David Kramer",175000.00,"Quoc-Huy Nguyen",157801.00,"Jaquelyn Bennett",140000.00,"Robert Herman",136000.00,"Lisa Davis",128409.00,11/1/2012
1ADA7513-296C-DA35-9881-BC0A20AE6A7D,"active","","98.001","SAI NOT AVAILABLE","DEMOCRACY FUND, STATE","CONSORTIUM FOR ELECTIONS & POLITICAL PROCESS","50000","WASHINGTON","110","District of Columbia","200055962","12: Other nonprofit","A: New assistance action","7200: AGENCY FOR INTERNATIONAL DEVELOPMENT","AIDOAAA1300041","0000",1500000,0,1500000,"07/11/2013","07/11/2013","07/10/2014","05: Cooperative agreement","2: Individual action",": Current record","","00FORGN","00","FORGN","TUN","","","USAID Foreign Assistance for Programs Overseas","AGENCY FOR INTERNATIONAL DEVELOPMENT","A PROGRAM TO OBSERVE UPCOMING ELECTIONS IN TUNISIA AND TRAIN LOCAL ORGANIZATIONS ON ELECTION OBSERVATION ACTIVITIES.","927923250","","19","1121","","1225 I ST NW, STE 700","","",0,0,2013,"","n: Non-Profit Organization","g","","7200: AGENCY FOR INTERNATIONAL DEVELOPMENT","NON","USA","AID-OAA-A-13-00041-00","DC","",,"",,"",,"",,"",,7/15/2013
AA8A9EA8-9D8E-E791-82A9-10F296458FB8,"active","","19.009","SAIEXEMPT","EDUCATIONAL AND CULTURAL EXCHANGE PROGRAMS, STATE","INTERNATIONAL RESEARCH AND EXCHANGES BOARD","50000","WASHINGTON","001","District of Columbia","200371800","12: Other nonprofit","A: New assistance action","1900: STATE, DEPARTMENT OF","SECAGD14CA1101","",4621778,0,4621778,"09/04/2014","09/01/2014","06/30/2019","05: Cooperative agreement","2: Individual action",": Current record","","11*****","District of Columbia","","","","","Academic Exchange Programs - Undergraduate Programs","STATE, DEPARTMENT OF","Tunisia Community College Scholarship Program","797045846","","19","0209","","2121 K STREET NW SUITE 700","","",0,0,2014,"DC","n: Non-Profit Organization","g","","1900: STATE, DEPARTMENT OF","NON","","","DC","",,"",,"",,"",,"",,9/19/2014
44D50E8D-C498-41BE-80CA-CE11D41C21C9,"active","4","19.021 ","SAIEXEMPT           ","","THE TEAMWORK FINE ARTS SOCIETY               ","FORGN","","","","","25: All other","A: New assistance action","1900: DEPARTMENT OF STATE                                                  ","STS80015GR043   ","",45000,0,45000,"09/15/2015","09/16/2015","09/30/2016","04: Project grant","2: Individual action",": Current record","","00FORGN","","","TUN","","","Investing in People in the Middle East and North Africa                   ","DEPARTMENT OF STATE                                                     ","This grant is awarded to the Teamwork Fine Arts Society to organize the First International Literature Festival (2016) in Tunis, Tunisia. The Interna","650458685    ","","19","0209","","Director , International Festivals ","S 349, Panchsheel Park             ","",0,0,2015,"","o: Private agencies","G","","1900: Department of State","","IND","","","",,"",,"",,"",,"",,10/5/2015
FC2C44E7-6E5F-45AC-8A56-BBFAAC9AD076,"active","4","19.415 ","SAIEXEMPT           ","","HANDS ALONG THE NILE DEVELOPMENT SERVICES, IN","03010","ARLINGTON            ","131","Northampton          ","222092105","12: Other nonprofit","A: New assistance action","1900: DEPARTMENT OF STATE                                                  ","SECAGD15CA1097  ","",445000,0,445000,"09/14/2015","09/08/2015","06/30/2017","05: Cooperative agreement","2: Individual action",": Current record","","5103000","Virginia                 ","Arlington                ","","222092105","","Professional and Cultural Exchange Programs - Citizen Exchanges           ","DEPARTMENT OF STATE                                                     ","Professional Fellows Program Exchange between Egypt, Tunisia, Morocco and the U.S., theme NGO Development                                            ","021602599    ","","19","0209","","1601 N. KENT ST, STE 1014          ","","",0,0,2015,"VA","n: Nonprofit agencies","G","","1900: Department of State","","","","VA","",,"",,"",,"",,"",,10/5/2015
C78AE138-BC50-4E84-B532-8ECB9321BB5A,"active","4","19.021 ","SAIEXEMPT           ","","AMIDEAST Tunis                               ","FORGN","","","","","12: Other nonprofit","A: New assistance action","1900: DEPARTMENT OF STATE                                                  ","STS80015GR053   ","",149715,0,149715,"09/18/2015","09/18/2015","09/30/2016","04: Project grant","2: Individual action",": Current record","","00FORGN","","","TUN","","","Investing in People in the Middle East and North Africa                   ","DEPARTMENT OF STATE                                                     ","This grant is awarded to AMIDEAST to organize a two-day conference on youth employment for civil-society organizations and youth from Tunisia, Morocc","074807124    ","5 ","19","0209","","Country Director                   ","22, Rue Al Amine Al Abassi         ","",0,0,2015,"","n: Nonprofit agencies","G","","1900: Department of State","","TUN","","","",,"",,"",,"",,"",,10/5/2015
BE8F8F54-E05C-4F4C-ABEC-4A25FA0F71E8,"active","4","19.500 ","SAIEXEMPT           ","","Institut Arab des Chefs d'Entreprises        ","FORGN","Tunis                ","","","","25: All other","A: New assistance action","1900: DEPARTMENT OF STATE                                                  ","SMO55515GR028   ","",123952,0,123952,"08/01/2015","06/30/2016","06/30/2016","04: Project grant","2: Individual action","C: Current transaction record is a request to replace a previously submitted record that contained data submission errors. Record contains replacement (not delta) values for all data fields that contain submitted errors.","","00FORGN","","Sidi Bouzid, Mednine, Biz","TUN","","","Middle East Partnership Initiative (MEPI)                                 ","DEPARTMENT OF STATE                                                     ","Capacity Building for NGOs, Civil Society Leaders, Journalists and Local Government Officials in 5 governorates in Tunisia.                          ","850507110    ","","11","1037","","La Maison de l'Entreprise, Bvd. Pri","Les Berges du Lac                  ","",0,0,2015,"","o: Private agencies","G","","1900: Department of State","","TUN","","","",,"",,"",,"",,"",,8/20/2015
C71EDE9E-EF71-4B69-8C88-8937A20F8F89,"active","4","19.500 ","SAIEXEMPT           ","ECONOMIC SUPPORT FUND, FUNDS APPROPRIATED TO THE PRESIDENT","National Democratic Institute                ","50000","Washington           ","001","District of Columbia ","200012783","12: Other nonprofit","A: New assistance action","1900: DEPARTMENT OF STATE                                                  ","SNEAAC15CA1042  ","",3500000,0,3500000,"08/20/2015","08/15/2015","08/14/2018","05: Cooperative agreement","2: Individual action",": Current record","","00FORGN","","","TUN","","","Middle East Partnership Initiative (MEPI)                                 ","DEPARTMENT OF STATE                                                     ","Encouraging Legislative Transparency and Accountability in Tunisia                                                                                   ","110309622    ","","72","1037","","455 Massachusetts Ave NW Fl 8      ","","",0,0,2015,"","n: Nonprofit agencies","G","","1900: Department of State","","","","DC","",,"",,"",,"",,"",,9/18/2015
6BA3F43D-54F1-437F-901A-3939C2BBDFC4,"active","4","19.415","SAIEXEMPT","","INSTITUTE FOR PRACTICAL IDEALISM","05544","BEDFORD","515","Bedford (city)","245236159","12: Other nonprofit","A: New assistance action","1900: DEPARTMENT OF STATE","SECAGD16CA1087","",690550,0,690550,"08/12/2016","09/01/2016","06/30/2018","05: Cooperative agreement","2: Individual action",": Current record","","5199019","Virginia","Bedford County","","245236159","","Professional and Cultural Exchange Programs - Citizen Exchanges","DEPARTMENT OF STATE","Non-Government Organization (NGO) Development inAlgeria, Egypt, Libya, Morocco, Tunisia, and the United States","139630107","","19","0209","","1020 LEGACY DRIVE","","",0,0,2016,"VA","n: Nonprofit agencies","G","","1900: Department of State","","","","VA","",,"",,"",,"",,"",,9/20/2016
F8F3D8FF-0316-4FA7-89B9-B3C7CDC8D87C,"active","4","98.001","SAI NOT AVAILABLE","ECONOMIC SUPPORT FUND, FUNDS APPROPRIATED TO THE PRESIDENT","UNIDO","FORGN","WIEN,WIEN","","","","25: All other","A: New assistance action","7200: AGENCY FOR INTERNATIONAL DEVELOPMENT","AID280IO1600001","0000",2500000,0,2500000,"09/29/2016","10/01/2016","09/30/2021","04: Project grant","2: Individual action",": Current record","","00FORGN","00","FORGN","TUN","","","USAID Foreign Assistance for Programs Overseas","AGENCY FOR INTERNATIONAL DEVELOPMENT","TACKLING YOUTH UNEMPLOYMENT IN TUNISIA","300587482","","72","1037","","WAGRAMER STRASSE 5/BOX 300","","",0,0,2016,"","o: Private agencies","G","","7200: U.S. Agency for International Development","","AUT","AID-280-IO-16-00001-00","","",,"",,"",,"",,"",,10/5/2016
48BB8102-8E4D-43E6-886A-2BD8CFC93F34,"active","4","98.001","SAI NOT AVAILABLE","","CONSORTIUM FOR ELECTIONS & POLITICAL PROCESS","50000","WASHINGTON","110","District of Columbia","200055962","12: Other nonprofit","A: New assistance action","7200: AGENCY FOR INTERNATIONAL DEVELOPMENT","AIDOAAA1600074","0000",1500000,0,1500000,"09/30/2016","09/28/2016","09/30/2018","05: Cooperative agreement","2: Individual action",": Current record","","00FORGN","00","FORGN","TUN","","","USAID Foreign Assistance for Programs Overseas","AGENCY FOR INTERNATIONAL DEVELOPMENT","THE ELECTIONS AND POLITICAL PROCESSES ACTIVITY FOR TUNISIA DOMESTIC ELECTIONS MONITORING.","927923250","","19","1121","","1225 I ST NW, STE 700","","",0,0,2016,"","n: Nonprofit agencies","G","","7200: U.S. Agency for International Development","","USA","AID-OAA-A-16-00074-00","DC","",,"",,"",,"",,"",,10/5/2016
F6DAF1EC-4E42-44C5-ABEB-FEE68701F882,"active","4","45.163","SAI EXEMPT","GRANTS AND ADMINISTRATION, NATIONAL ENDOWMENT FOR THE HUMANITIES, NATIONAL FOUNDATION ON THE ARTS AND HUMANITIES","Oregon State University","15800","CORVALLIS","003","BENTON","973318565","06: State controlled institution of higher education","A: New assistance action","5940: National Endowment for the Humanities","EH25079516","9147",182138,0,182138,"09/19/2016","10/01/2016","12/31/2017","04: Project grant","2: Individual action",": Current record","","4115800","Oregon","Corvallis","USA","973318565","OR4","Promotion of the Humanities_Professional Development","National Endowment for the Humanities","Algeria, Morocco, Tunisia: The Voices of Women in Literature, Cinema, and Other Arts since Independence","053599908","9","59","0200","","600 Kerr Administration Building","","",0,0,2016,"OR","h: Government","G","4","5900: National Foundation on the Arts and the Humanities","","USA","","OR","",,"",,"",,"",,"",,10/5/2016
DE41B203-0A65-434C-B833-BEBDC575AEF8,"active","4","19.021","SAIEXEMPT","","AMIDEAST Tunis","FORGN","","","","","12: Other nonprofit","A: New assistance action","1900: DEPARTMENT OF STATE","STS80016GR077","",147147,0,147147,"09/30/2016","09/30/2016","09/30/2017","04: Project grant","2: Individual action",": Current record","","00FORGN","","","TUN","","","Investing in People in the Middle East and North Africa","DEPARTMENT OF STATE","This grant is awarded to AMIDEAST Tunisia to build a cadre of trainers in five Tunisian cities that have been identified as vulnerable to violence an","074807124","5","19","0114","","Country Director","22, Rue Al Amine Al Abassi","",0,0,2016,"","n: Nonprofit agencies","G","","1900: Department of State","","TUN","","","",,"",,"",,"",,"",,10/20/2016
263559D8-A735-D558-1984-934821934C66,"active","20110","19.500","SAIEXEMPT","","Solidarity Center","50000","WASHINGTON","001","District of Columbia","200064117","12: Other nonprofit","A: New assistance action","1900: STATE, DEPARTMENT OF","SNEAPI11CA322","",1966895,0,1966895,"05/15/2011","05/14/2012","05/14/2012","05: Cooperative agreement","2: Individual action",": Current record","","00FORGN","","","TUN","","ZZ","Middle East Partnership Initiative (MEPI) ","STATE, DEPARTMENT OF","AWARD TITLE:  Promoting Freedom of Association through Independent, Democratic Trade Unions in Algeria and Tunisia/Purpose:  Solidarity Center will i","036739019","10","11","1037","","888 16th Street NW, Suite 400","","",0,0,2011,"00","n: Non-Profit Organization","g","00","1900: STATE, DEPARTMENT OF","NON","","","DC","",,"",,"",,"",,"",,6/16/2011
80D3CF07-013D-FC88-735A-D8132E16F70F,"active","","19.021","SAIEXEMPT","EDUCATIONAL AND CULTURAL EXCHANGE PROGRAMS, STATE","World Learning","76350","Washington Harbor (Cl","009","Clallam","053020676","06: State controlled institution of higher education","A: New assistance action","1900: STATE, DEPARTMENT OF","STS80011GR049","",250000,0,250000,"08/05/2011","10/01/2011","09/30/2013","04: Project grant","2: Individual action","C: Current transaction record is a request to replace a previously submitted record that contained data submission errors. Record contains replacement (not delta) values for all data fields that contain submission errors.","","00FORGN","","","TUN","","","Investing in People in The Middle East and North Africa","STATE, DEPARTMENT OF","This grant is awarded to World Learning to partner with the Faculty of Letters of Kairouan (Tunisia) and help practitioners of English at the primay","073961419","6","19","0209","","SIT Graduate Institute","1015, 15th Street, NW, 7th floor","Washington D.C.",0,0,2011,"","h: Higher Education","g","","1900: STATE, DEPARTMENT OF","NON","","","WA","",,"",,"",,"",,"",,2/5/2015
6AEE129A-6E90-26F4-3F50-F3055C6C9FA5,"active","20110","98.008","SAI NOT AVAILABLE","INTERNATIONAL DISASTER ASSISTANCE, FUNDS APPROPRIATED TO THE PRESIDENT, US AGENCY FOR INTERNATIONAL DEVELOPMENT","WORLD FOOD PROGRAM","50000","WASHINGTON","110","District of Columbia","200371843","25: All other","C: Revision (any change in Federal Government's financial obligation or contingent liability in existing assistance transaction amount of the change in funding; or any change in Recipient Name, Recipient Address, Project Period or Project Scope)","7200: AGENCY FOR INTERNATIONAL DEVELOPMENT","AIDFFPG1100028","0001",0,0,0,"07/15/2011","03/11/2011","12/31/2011","04: Project grant","2: Individual action","C: Current transaction record is a request to replace a previously submitted record that contained data submission errors. Record contains replacement (not delta) values for all data fields that contain submission errors.","","00FORGN","00","FORGN","TUN","","ZZ","Food for Peace Emergency Program (EP)","AGENCY FOR INTERNATIONAL DEVELOPMENT","EMERGENCY FOOD ASSISTANCE FOR PEOPLE DISPLACED TO EGYPT AND TUNISIA","071550813","10","72","1035","","2175 K ST NORTHWEST STE 350","","",0,0,2011,"00","o: Other","g","00","7200: AGENCY FOR INTERNATIONAL DEVELOPMENT","NON","USA","AID-FFP-G-11-00028-01","DC","",,"",,"",,"",,"",,9/19/2011
D769FCF8-03AC-19AB-BC4D-098307A7BEFF,"active","20110","19.500","SAIEXEMPT","","Mercy Corps International","59000","Portland (Multnomah)","051","Multnomah","972043500","12: Other nonprofit","A: New assistance action","1900: STATE, DEPARTMENT OF","SNEAPI11CA338","",2341011,0,2576907,"07/15/2011","07/15/2011","07/14/2013","05: Cooperative agreement","2: Individual action",": Current record","","00FORGN","","","TUN","","ZZ","Middle East Partnership Initiative (MEPI) ","STATE, DEPARTMENT OF","Advancing Civic engagement in Tunisia (ACT).  This program will enhance civic education and the leadership capacity of women and youth in civic socie","134170547","8","11","1037","","45 SW Ankeny Street","","",0,0,2011,"00","n: Non-Profit Organization","g","01","1900: STATE, DEPARTMENT OF","NON","","","OR","",,"",,"",,"",,"",,9/3/2011
D1BADAA7-5C8F-F3E4-5937-B824B8787175,"active","20101","47.079","SAI EXEMPT","RESEARCH AND RELATED ACTIVITIES, NATIONAL SCIENCE FOUNDATION","NORTH CAROLINA STATE UNIVERSITY","55000","Raleigh","183","WAKE","276957514","06: State controlled institution of higher education","A: New assistance action","4900: NATIONAL SCIENCE FOUNDATION","0929362","000",4950,0,0,"09/14/2009","09/15/2009","08/31/2010","04: Project grant","2: Individual action",": Current record","","3755000","North Carolina","Raleigh","USA","276957514","NC04","International Science and Engineering (OISE)","NATIONAL SCIENCE FOUNDATION","USA-Tunisia-France Cooperation for Next Generation Material Model Development","042092122","","49","0100","","CAMPUS BOX 7514","2701 Sullivan Drive, Suite 240","",0,0,2009,"NC","h: Higher Education","g","04","4900: NATIONAL SCIENCE FOUNDATION","NON","USA","NONA200909140929362000","NC","",,"",,"",,"",,"",,10/5/2009
C08D6A51-4BF8-4543-2CD2-228656176DE9,"active","20100","47.079","SAI EXEMPT","RESEARCH AND RELATED ACTIVITIES, NATIONAL SCIENCE FOUNDATION","UNIVERSITY OF ARIZONA","77000","Tucson","019","PIMA","857210001","06: State controlled institution of higher education","A: New assistance action","4900: NATIONAL SCIENCE FOUNDATION","1001863","000",49538,0,0,"04/13/2010","04/01/2010","03/31/2011","04: Project grant","2: Individual action",": Current record","","0477000","Arizona","Tucson","USA","857210001","AZ07","International Science and Engineering (OISE)","NATIONAL SCIENCE FOUNDATION","Conference: From Carthage to the World: The Isoperimetric Problems of Queen Dido and its Mathematical Ramifications to be held Carthage  Tunisia  Spr","806345617","","49","0100","","888 N Euclid Ave","","",0,0,2010,"AZ","h: Higher Education","g","07","4900: NATIONAL SCIENCE FOUNDATION","NON","USA","NONA201004131001863000","AZ","",,"",,"",,"",,"",,5/4/2010
95104B7C-CFAC-505B-0B3E-8AD1564BB4EB,"active","","19.500","SAIEXEMPT","","Organization for Economic Cooperation and Dev","FORGN","Paris","","","","25: All other","A: New assistance action","1900: STATE, DEPARTMENT OF","SNEAPI12GR011","",1500000,0,1500000,"06/27/2012","07/01/2012","06/30/2014","04: Project grant","2: Individual action",": Current record","","00FORGN","","","LBY","","","Middle East Partnership Initiative (MEPI) ","STATE, DEPARTMENT OF","This award will provide policy advice and capacity building to the governments of Libya, Morocco, and Tunisia in draft policies and enacting reforms.","733909030","8","11","1037","","2 Rue Andre-Pascal","Cedex 16","",0,0,2012,"","o: Other","g","","1900: STATE, DEPARTMENT OF","NON","FRA","","","",,"",,"",,"",,"",,11/1/2012
F406303A-DC90-9370-F54C-2938CC0324C5,"active","","19.500","SAIEXEMPT","","American Institute for Maghreb Studies","77000","Tucson (Pima)","019","Pima","857211158","12: Other nonprofit","A: New assistance action","1900: STATE, DEPARTMENT OF","SNEAPI11CA039","",900000,0,900000,"09/10/2012","09/15/2012","09/30/2015","05: Cooperative agreement","2: Individual action",": Current record","","00FORGN","","","DZA","","","Middle East Partnership Initiative (MEPI) ","STATE, DEPARTMENT OF","Award assists MEPI alumni in Tunisia and Algeria by developing their civic activism and creates an environment where alumni can work together.","7879015160000","","11","1037","","845 N. Park Ave., Suite 470","","",0,0,2012,"","n: Non-Profit Organization","g","","1900: STATE, DEPARTMENT OF","NON","","","AZ","Kerry Adams",30000.00,"Thor Kuniholm",30000.00,"Larry Michalak",52000.00,"Robert Parks",50000.00,"Theresa Ryan",28000.00,10/2/2012
45361D08-960A-AF1B-C4E7-3687E496CBE8,"active","","19.017","SAIEXEMPT","","The Pennsylvania State University","78704","University Park","027","Centre","168021505","06: State controlled institution of higher education","A: New assistance action","1900: STATE, DEPARTMENT OF","SLMAQM12GR1232","",198000,0,198000,"09/20/2012","09/20/2012","03/31/2014","04: Project grant","2: Individual action",": Current record","","00FORGN","","","TUN","","","Environmental and Scientific Partnerships and Programs","STATE, DEPARTMENT OF","BOOST 2.0 U.S.-Tunisia-Morocco Technology Innovation and Entrepreneurship Stimulation (UTM-TIES)","003403953","10","11","1037","","408 Old Main","","",0,0,2012,"","h: Higher Education","g","","1900: STATE, DEPARTMENT OF","NON","","","PA","",,"",,"",,"",,"",,12/4/2012
AEA7A1D9-3660-B191-A00C-9A61E39A2E5F,"active","","19.345","SAIEXEMPT","DEMOCRACY FUND, STATE","Avocats Sans Frontieres ASBL","FORGN","Brussels","","","","25: All other","A: New assistance action","1900: STATE, DEPARTMENT OF","SLMAQM13GR1096","",668250,0,668250,"09/25/2013","09/19/2013","09/30/2015","04: Project grant","2: Individual action",": Current record","","00FORGN","","","TUN","","","International Programs to Support Democracy, Human Rights and Labor","STATE, DEPARTMENT OF","Expanding a space for Freedom of Expression by protecting & legally empowering traditional & citizen journalists & bloggers of Tunisia/Morocco/Egypt","373191514","","19","1121","","Rue de Namur 72","","",0,0,2013,"","o: Other","g","","1900: STATE, DEPARTMENT OF","NON","BEL","","","",,"",,"",,"",,"",,10/25/2013
9B439CEB-C02A-E786-8A1D-2CE04D3C2A9B,"active","","19.009","SAIEXEMPT","EDUCATIONAL AND CULTURAL EXCHANGE PROGRAMS, STATE","INTERNATIONAL RESEARCH AND EXCHANGES BOARD","50000","WASHINGTON","001","District of Columbia","200371800","12: Other nonprofit","A: New assistance action","1900: STATE, DEPARTMENT OF","SECAGD14CA1103","",4620448,0,4620448,"09/04/2014","09/15/2014","06/30/2019","05: Cooperative agreement","2: Individual action",": Current record","","11*****","District of Columbia","","","","","Academic Exchange Programs - Undergraduate Programs","STATE, DEPARTMENT OF","Tunisia Undergraduate Scholarship Program (UGRAD)","797045846","","19","0209","","2121 K STREET NW SUITE 700","","",0,0,2014,"DC","n: Non-Profit Organization","g","","1900: STATE, DEPARTMENT OF","NON","","","DC","",,"",,"",,"",,"",,9/19/2014
1ECAA250-6307-65BB-3AE7-D2ED6BB164CD,"active","20091","19.500","SAIEXEMPT","","International Center for International Labor","50000","Washington","001","District of Columbia","200364103","12: Other nonprofit","C: Revision (any change in Federal Government's financial obligation or contingent liability in existing assistance transaction amount of the change in funding; or any change in Recipient Name, Recipient Address, Project Period or Project Scope)","1900: STATE, DEPARTMENT OF","SNEAPI07CA235","3",2000000,0,3000000,"02/29/2008","02/01/2008","12/31/2009","05: Cooperative agreement","2: Individual action",": Current record","20082","00FORGN","","","BHR","","ZZ","Middle East Partnership Initiative (MEPI) ","STATE, DEPARTMENT OF","Extend program and supplement funding to expand to Kuwait, Qatar, Saudi Arabia, Syria, Tunisia, UAE, and Yemen.","036739019","8","11","1037","","888 16th Street, NW","Suite 400","",0,0,2008,"00","n: Non-Profit Organization","g","00","1900: STATE, DEPARTMENT OF","NON","","","DC","",,"",,"",,"",,"",,8/18/2009
64F80EC0-5103-465C-8066-01CDF2758922,"active","4","19.500 ","SAIEXEMPT           ","ECONOMIC SUPPORT FUND, FUNDS APPROPRIATED TO THE PRESIDENT","Education for Employment                     ","50000","Washington           ","001","District of Columbia ","200062850","12: Other nonprofit","C: Revision (any change in Federal Government's financial obligation or contingent liability in existing assistance transaction amount of the change in funding; or any change in Recipient Name, Recipient Address, Project Period or Project Scope)","1900: DEPARTMENT OF STATE                                                  ","SNEAPI11CA0330  ","0013",900000,0,3450341,"09/25/2015","05/01/2011","03/31/2017","05: Cooperative agreement","2: Individual action",": Current record","","00FORGN","","","TUN","","","Middle East Partnership Initiative (MEPI)                                 ","DEPARTMENT OF STATE                                                     ","Tunisia Youth Economic Opportunity and Civic Engagement                                                                                              ","169719957    ","","72","1037","","1612 K St NW Ste 800               ","","",0,0,2015,"","n: Nonprofit agencies","G","","1900: Department of State","","","","DC","",,"",,"",,"",,"",,10/20/2015
7CE87A72-95BA-442B-83A3-FFA24FF4728B,"active","4","19.701","SAIEXEMPT","NON-PROLIFERATION, ANTI-TERRORISM, DEMINING AND RELATED PROGRAMS, INTERNATIONAL SECURITY ASSISTANCE, STATE","United Nations Development Programme","51000","New York","085","Richmond","100173515","25: All other","A: New assistance action","1900: DEPARTMENT OF STATE","SLMAQM16GR1320","",494926,0,494926,"09/29/2016","09/30/2016","12/31/2017","04: Project grant","2: Individual action",": Current record","","00FORGN","","","TUN","","","Global Counterterrorism Programs","DEPARTMENT OF STATE","Strengthening Community-Police Partnership in Tunisia","645521498","","11","1075","","One United Nations Plaza","","",0,0,2016,"","o: Private agencies","G","","1900: Department of State","","","","NY","",,"",,"",,"",,"",,10/20/2016
2021D104-0B50-49D2-91D5-ED4EF59B628A,"active","4","19.500","SAIEXEMPT","ECONOMIC SUPPORT FUND, FUNDS APPROPRIATED TO THE PRESIDENT","Institute of International Education","51000","New York","085","Richmond","100173503","12: Other nonprofit","A: New assistance action","1900: DEPARTMENT OF STATE","SNEAAC16GR1047","",1500000,0,1500000,"09/22/2016","10/01/2016","09/30/2018","04: Project grant","2: Individual action",": Current record","","00FORGN","","","TUN","","","Middle East Partnership Initiative (MEPI)","DEPARTMENT OF STATE","Empowering Women through Entrepreneurship in Tunisia","071032973","","72","1037","","809 United Nations Plz","","",0,0,2016,"","n: Nonprofit agencies","G","","1900: Department of State","","","","NY","",,"",,"",,"",,"",,10/20/2016
E1CA40CE-0061-4D8F-B6FB-7C3879623C32,"active","4","98.001","SAI NOT AVAILABLE","","SMALL ENTERPRISE ASSISTANCE FUNDS","50000","WASHINGTON","110","District of Columbia","200051209","12: Other nonprofit","D: Funding adjustment to completed project","7200: AGENCY FOR INTERNATIONAL DEVELOPMENT","AIDOAAA1200046","0004",0,0,0,"09/16/2016","09/20/2012","09/22/2017","05: Cooperative agreement","2: Individual action",": Current record","","00FORGN","00","FORGN","TUN","","","USAID Foreign Assistance for Programs Overseas","AGENCY FOR INTERNATIONAL DEVELOPMENT","TUNISIA ICT, ENTREPRENEURSHIP, TIP","938963295","","","","","1500 K ST NW STE 375","","",0,0,2016,"","n: Nonprofit agencies","G","","7200: U.S. Agency for International Development","NON","USA","AID-OAA-A-12-00046-04","DC","",,"",,"",,"",,"",,9/26/2016
6FC6BCAE-569C-6544-2CB6-7770969C31EA,"active","20090","10.001","SAI EXEMPT","SALARIES AND EXPENSES, AGRICULTURAL RESEARCH SERVICE","ICARDA","00000","ALEPPO","000","","","25: All other","A: New assistance action","12H2: AGRICULTURAL RESEARCH SERVICE","59-0210-8-181F-0","",61380,0,0,"09/30/2008","09/29/2008","09/29/2010","04: Project grant","2: Individual action",": Current record","","","MARYLAND","BELTSVILLE","","207055000","MD99","Agricultural Research_Basic and Applied Research","AGRICULTURAL RESEARCH SERVICE","U.S. NORTH AFRICA INTERNATIONAL WORKSHOP ON GENEBANKING AND CRYOPRESERVATION, TUNISIA","645287814","08","12","1400","","","","",0,0,2008,"MD","o: Other","g","99","1200: AGRICULTURE, DEPARTMENT OF","NON","","","00","",,"",,"",,"",,"",,3/14/2015
AE506E63-ECCA-DDFA-5069-AF773F3C534D,"active","","19.345","SAIEXEMPT","","Global Fairness Initiative","50000","Washington","001","District of Columbia","200031819","12: Other nonprofit","A: New assistance action","1900: STATE, DEPARTMENT OF","SLMAQM12GR1121","",851400,0,851400,"09/07/2012","09/07/2012","09/30/2014","04: Project grant","2: Individual action",": Current record","","00FORGN","","","TUN","","","International Programs to Support Democracy, Human Rights and Labor","STATE, DEPARTMENT OF","Tunisia Inclusive Labor Initiative (TILI)","157649943","","11","1037","","410 1st St SE Ste FRNT","","",0,0,2012,"","n: Non-Profit Organization","g","","1900: STATE, DEPARTMENT OF","NON","","","DC","",,"",,"",,"",,"",,11/1/2012
06B2E4C4-0D51-C33E-71A1-9E3227D0E859,"active","","19.500","SAIEXEMPT","ECONOMIC SUPPORT FUND, FUNDS APPROPRIATED TO THE PRESIDENT","Education for Employment Foundation","50000","Washington (District","001","District of Columbia","200015303","12: Other nonprofit","C: Revision (any change in Federal Government's financial obligation or contingent liability in existing assistance transaction amount of the change in funding; or any change in Recipient Name, Recipient Address, Project Period or Project Scope)","1900: STATE, DEPARTMENT OF","SNEAPI11CA0330","0007",800000,0,800000,"07/30/2013","05/01/2011","04/30/2015","05: Cooperative agreement","2: Individual action",": Current record","","00FORGN","","","TUN","","","Middle East Partnership Initiative (MEPI) ","STATE, DEPARTMENT OF","Tunisia Youth Economic Opportunity and Civic Engagement","169719957","9","72","1037","","624 Nunth Street, NW, Suite 222","","",0,0,2013,"","n: Non-Profit Organization","g","","1900: STATE, DEPARTMENT OF","NON","","","DC","",,"",,"",,"",,"",,8/19/2013
2E79D6ED-BB35-95CC-9A42-6A95A8AFF250,"active","","98.001","SAI NOT AVAILABLE","ECONOMIC SUPPORT FUND, FUNDS APPROPRIATED TO THE PRESIDENT","CONSORTIUM FOR ELECTIONS & POLITICAL PROCESS","50000","WASHINGTON","110","District of Columbia","200055962","12: Other nonprofit","A: New assistance action","7200: AGENCY FOR INTERNATIONAL DEVELOPMENT","AIDOAAA1300041","0001",1500000,0,1500000,"07/12/2013","07/12/2013","07/11/2014","05: Cooperative agreement","2: Individual action",": Current record","","00FORGN","00","FORGN","TUN","","","USAID Foreign Assistance for Programs Overseas","AGENCY FOR INTERNATIONAL DEVELOPMENT","TUNISIA: DOMESTIC AND INTERNATIONAL ELECTION OBSERVATION","927923250","","72","1037","","1225 I ST NW, STE 700","","",0,0,2013,"","n: Non-Profit Organization","g","","7200: AGENCY FOR INTERNATIONAL DEVELOPMENT","NON","USA","AID-OAA-A-13-00041-01","DC","",,"",,"",,"",,"",,10/7/2013
E4C6C284-327E-2888-7571-F0C9CAE8A0D3,"active","","19.009","SAIEXEMPT","EDUCATIONAL AND CULTURAL EXCHANGE PROGRAMS, STATE","INTERNATIONAL RESEARCH AND EXCHANGES BOARD","50000","WASHINGTON","001","District of Columbia","200371800","12: Other nonprofit","A: New assistance action","1900: STATE, DEPARTMENT OF","SECAGD13CA090","",4624402,0,4624402,"04/16/2013","04/16/2013","06/30/2017","05: Cooperative agreement","2: Individual action",": Current record","","1150000","District of Columbia","WASHINGTON","","200054064","","Academic Exchange Programs - Undergraduate Programs","STATE, DEPARTMENT OF","TUNISIA UNDERGRADUATE SCHOLARSHIP PROGRAM","797045846","","19","0209","","2121 K STREET NW SUITE 700","","",0,0,2013,"DC","n: Non-Profit Organization","g","","1900: STATE, DEPARTMENT OF","NON","","","DC","",,"",,"",,"",,"",,6/5/2013
16F01B93-8518-6837-893F-BA5DD8035773,"active","","19.009","SAIEXEMPT","EDUCATIONAL AND CULTURAL EXCHANGE PROGRAMS, STATE","INTERNATIONAL RESEARCH AND EXCHANGES BOARD","50000","WASHINGTON","001","District of Columbia","200371800","12: Other nonprofit","A: New assistance action","1900: STATE, DEPARTMENT OF","SECAGD13CA091","",4624923,0,4624923,"04/23/2013","04/23/2013","06/30/2017","05: Cooperative agreement","2: Individual action",": Current record","","1150000","District of Columbia","WASHINGTON","","200054064","","Academic Exchange Programs - Undergraduate Programs","STATE, DEPARTMENT OF","TUNISIA COMMUNITY COLLEGE SCHOLARSHIP PROGRAM","797045846","","19","0209","","2121 K STREET NW SUITE 700","","",0,0,2013,"DC","n: Non-Profit Organization","g","","1900: STATE, DEPARTMENT OF","NON","","","DC","",,"",,"",,"",,"",,6/5/2013
BB29C80C-7E4B-63B5-04A2-21AE8129651A,"active","","19.021","SAIEXEMPT","EDUCATIONAL AND CULTURAL EXCHANGE PROGRAMS, STATE","CEMAT","FORGN","","","","","12: Other nonprofit","A: New assistance action","1900: STATE, DEPARTMENT OF","STS80011GR051","",25000,0,25000,"08/29/2011","09/30/2012","09/30/2012","04: Project grant","2: Individual action",": Current record","","00FORGN","","","TUN","","","Investing in People in The Middle East and North Africa","STATE, DEPARTMENT OF","This grant is provided to CEMAT to cover travel, perdiem and honoraria for visiting American speakers to lecture at various venues throughout Tunisia","123456787","5","19","0209","","19 bis,  Rue d'Angleterre","Tunis","",0,0,2011,"","n: Non-Profit Organization","g","","1900: STATE, DEPARTMENT OF","NON","TUN","","","",,"",,"",,"",,"",,9/3/2013
D1B699DE-3BA0-ECC5-0CD4-4818C07F01AC,"active","","19.500","SAIEXEMPT","","National Democractic Institute","50000","Washington (District","001","District of Columbia","200012783","12: Other nonprofit","A: New assistance action","1900: STATE, DEPARTMENT OF","SNEAPI11CA320","",600000,0,600000,"05/13/2011","05/15/2011","11/14/2012","05: Cooperative agreement","2: Individual action","C: Current transaction record is a request to replace a previously submitted record that contained data submission errors. Record contains replacement (not delta) values for all data fields that contain submission errors.","","00FORGN","","","TUN","","","Middle East Partnership Initiative (MEPI) ","STATE, DEPARTMENT OF","The award will enhance the capacity of youth to play a more active role in political parties and processes in Algeria, Tunisia, and Morocco.","110309622","5","11","1037","","455 Massachusetts Avenue, NW","8th Floor","",0,0,2011,"","n: Non-Profit Organization","g","","1900: STATE, DEPARTMENT OF","NON","","","DC","",,"",,"",,"",,"",,11/1/2012
6B5BE9D9-B668-AD87-1BAC-F12A3F49D167,"active","20120","19.500","SAIEXEMPT","","Mosaic of Arts in Nasrallah (MAN)","FORGN","Kairouan","","","","25: All other","A: New assistance action","1900: STATE, DEPARTMENT OF","SNEATU11GR108","",196928,0,227009,"05/15/2011","11/14/2011","11/14/2011","04: Project grant","2: Individual action",": Current record","","00FORGN","","","TUN","","ZZ","Middle East Partnership Initiative (MEPI) ","STATE, DEPARTMENT OF","Mosaic of Arts in Nasrallah (MAN)through its project entitled ?Participate ?Sharik? in Tunisia will carry out a voter education campaign that aims to","123456787","","11","1037","","Youth Observatory for Democracy (YO","","",0,0,2011,"00","o: Other","g","ZZ","1900: STATE, DEPARTMENT OF","NON","TUN","","00","",,"",,"",,"",,"",,1/5/2012
A9A6A45A-0AA1-EC9A-3DCE-8FEEDB307B35,"active","","19.500","SAIEXEMPT","","National Democractic Institute","50000","Washington (District","001","District of Columbia","200012783","12: Other nonprofit","C: Revision (any change in Federal Government's financial obligation or contingent liability in existing assistance transaction amount of the change in funding; or any change in Recipient Name, Recipient Address, Project Period or Project Scope)","1900: STATE, DEPARTMENT OF","SNEAPI11CA320","001",250000,0,850000,"07/08/2011","05/15/2011","11/14/2012","05: Cooperative agreement","2: Individual action","C: Current transaction record is a request to replace a previously submitted record that contained data submission errors. Record contains replacement (not delta) values for all data fields that contain submission errors.","","00FORGN","","","DZA","","","Middle East Partnership Initiative (MEPI) ","STATE, DEPARTMENT OF","Amendment awards additional funding to support activities in Tunisia.","110309622","5","11","1037","","455 Massachusetts Avenue, NW","8th Floor","",0,0,2011,"","n: Non-Profit Organization","g","","1900: STATE, DEPARTMENT OF","NON","","","DC","",,"",,"",,"",,"",,11/1/2012
6121A286-5363-A976-D980-F4D4FCA31511,"active","","98.001","SAI NOT AVAILABLE","ECONOMIC SUPPORT FUND, FUNDS APPROPRIATED TO THE PRESIDENT","VEGA","50000","WASHINGTON","110","District of Columbia","200365026","12: Other nonprofit","A: New assistance action","7200: AGENCY FOR INTERNATIONAL DEVELOPMENT","AIDOAALA1200004","0000",1200000,0,1200000,"09/20/2012","09/24/2012","09/23/2014","05: Cooperative agreement","2: Individual action",": Current record","","00FORGN","00","FORGN","TUN","","","USAID Foreign Assistance for Programs Overseas","AGENCY FOR INTERNATIONAL DEVELOPMENT","TUNISIA ICT, ENTREPRENEURSHIP, TIP","136478992","","72","1037","","1726 M ST NW STE 800","SUITE 405","",0,0,2012,"","n: Non-Profit Organization","g","","7200: AGENCY FOR INTERNATIONAL DEVELOPMENT","NON","USA","AID-OAA-LA-12-00004-00","DC","",,"",,"",,"",,"",,9/24/2012
BAC2A2D4-0DA6-688F-3084-D87C70E27EDB,"active","","19.021","SAIEXEMPT","EDUCATIONAL AND CULTURAL EXCHANGE PROGRAMS, STATE","Microsoft Charitable Trust","57535","Redmond (King)","033","King","980520256","12: Other nonprofit","A: New assistance action","1900: STATE, DEPARTMENT OF","STS80012GR055","",60000,0,60000,"08/29/2012","09/30/2013","09/30/2014","04: Project grant","2: Individual action","C: Current transaction record is a request to replace a previously submitted record that contained data submission errors. Record contains replacement (not delta) values for all data fields that contain submission errors.","","00FORGN","","","TUN","","","Investing in People in The Middle East and North Africa","STATE, DEPARTMENT OF","This grant is provided to Microsoft Charitable Trust to train ten start-up companies from throughout Tunisia in computer and software skills, entrepr","081466849","","19","0209","","Senior Director","","",0,0,2012,"","n: Non-Profit Organization","g","","1900: STATE, DEPARTMENT OF","NON","","","WA","",,"",,"",,"",,"",,11/7/2013
CA490B00-C435-1AEC-7DF6-10AD193A3E7C,"active","","19.415","SAIEXEMPT","EDUCATIONAL AND CULTURAL EXCHANGE PROGRAMS, STATE","HANDS ALONG THE NILE DEVELOPMENT SERVICES, IN","03010","ARLINGTON","131","Northampton","222092105","12: Other nonprofit","A: New assistance action","1900: STATE, DEPARTMENT OF","SECAGD14CA1134","",443925,0,443925,"09/19/2014","09/15/2014","03/30/2016","05: Cooperative agreement","2: Individual action",": Current record","","51*****","Virginia","","","","","Professional and Cultural Exchange Programs - Citizen Exchanges","STATE, DEPARTMENT OF","Professional Fellows Program Exchange Between the US, Egypt, Tunisia and MoroccoTheme: Non-governmental Organization (NGO) Development","021602599","","19","0209","","1601 N. KENT ST, STE 1014","","",0,0,2014,"VA","n: Non-Profit Organization","g","","1900: STATE, DEPARTMENT OF","NON","","","VA","",,"",,"",,"",,"",,10/3/2014
BA85D1D9-F3D7-F0E9-94F3-99E51E9697AA,"active","","19.500","SAIEXEMPT","ECONOMIC SUPPORT FUND, FUNDS APPROPRIATED TO THE PRESIDENT","International Republican Institute","50000","WASHINGTON","001","District of Columbia","200055962","12: Other nonprofit","C: Revision (any change in Federal Government's financial obligation or contingent liability in existing assistance transaction amount of the change in funding; or any change in Recipient Name, Recipient Address, Project Period or Project Scope)","1900: STATE, DEPARTMENT OF","SNEAPI11CA0359","0007",1100000,0,1100000,"09/25/2014","11/01/2011","05/31/2015","05: Cooperative agreement","2: Individual action",": Current record","","00FORGN","","","TUN","","","Middle East Partnership Initiative (MEPI) ","STATE, DEPARTMENT OF","Supporting a Democratic Transition in Tunisia","126510312","10","72","1037","","1225 Eye Street, N.W.","","",0,0,2014,"","n: Non-Profit Organization","g","","1900: STATE, DEPARTMENT OF","NON","","","DC","",,"",,"",,"",,"",,10/20/2014
0AD46DCD-9CA7-4AA0-EBDA-6F9E1AF0646E,"active","","19.500","SAIEXEMPT","ECONOMIC SUPPORT FUND, FUNDS APPROPRIATED TO THE PRESIDENT","National Democratic Institute","50000","WASHINGTON","001","District of Columbia","200363306","12: Other nonprofit","C: Revision (any change in Federal Government's financial obligation or contingent liability in existing assistance transaction amount of the change in funding; or any change in Recipient Name, Recipient Address, Project Period or Project Scope)","1900: STATE, DEPARTMENT OF","SNEAPI11CA0344","0004",1370445,0,1370445,"05/15/2014","09/15/2011","05/31/2015","05: Cooperative agreement","2: Individual action",": Current record","","00FORGN","","","TUN","","","Middle East Partnership Initiative (MEPI) ","STATE, DEPARTMENT OF","NEA-MEPI Cooperative Agreements Project: Tunisia","110309622","8","72","1037","","2030 M Street, N.W., 5th Floor","","",0,0,2014,"","n: Non-Profit Organization","g","","1900: STATE, DEPARTMENT OF","NON","","","DC","",,"",,"",,"",,"",,6/5/2014
412BCC3E-3F91-4D35-AA47-9582E0B44CAE,"active","4","19.021 ","SAIEXEMPT           ","","Gate Productions                             ","44000","Los Angeles (Los Ange","037","Los Angeles          ","623290048","12: Other nonprofit","A: New assistance action","1900: DEPARTMENT OF STATE                                                  ","STS80015GR036   ","",39462,0,39462,"07/02/2015","08/01/2015","09/30/2015","04: Project grant","2: Individual action",": Current record","","00FORGN","","","TUN","","","Investing in People in the Middle East and North Africa                   ","DEPARTMENT OF STATE                                                     ","This grant is awarded to gate productions to bring a group of musician to perform in Tunisia.  The group will take part in the Carthage International","079884272    ","","19","0209","","6230 wilshire Blvd. Ste.81         ","","",0,0,2015,"","n: Nonprofit agencies","G","","1900: Department of State","","","","CA","",,"",,"",,"",,"",,7/20/2015
D14CE128-E958-430D-B781-D4348BE1E37E,"active","4","19.601","SAIEXEMPT","ECONOMIC SUPPORT FUND, FUNDS APPROPRIATED TO THE PRESIDENT","Generations For Peace","FORGN","Amman","","","","25: All other","A: New assistance action","1900: DEPARTMENT OF STATE","SNEAAC16CA1026","",949659,0,949659,"09/02/2016","09/02/2016","08/31/2018","05: Cooperative agreement","2: Individual action",": Current record","","00FORGN","","","TUN","","","Syria Assistance Program","DEPARTMENT OF STATE","Youth Resolve: Strengthening Youth Resilience to Violent Extremism in Tunisia","534701086","","72","1037","","AL-Hussein Youth Sport City","","",0,0,2016,"","o: Private agencies","G","","1900: Department of State","","JOR","","","",,"",,"",,"",,"",,10/5/2016
